series,dosage,M_pre,M_post,replication_age,age_bin,age_over_T,mean_xf,mean_xf_over_mean,weight
M = 0 (no reservoir),3,0,0,0.5,0,0.0125,35.03060437413343,0.6553728369797224,9902.563143886366
M = 0 (no reservoir),3,0,0,0.5,1,0.0375,39.7751986732655,0.7441374552811992,1386.3775217160542
M = 0 (no reservoir),3,0,0,0.5,2,0.0625,40.23838698773746,0.7528030505552418,1382.8778568328144
M = 0 (no reservoir),3,0,0,0.5,3,0.0875,40.93605766974331,0.7658554777774617,1343.577125600069
M = 0 (no reservoir),3,0,0,0.5,4,0.1125,41.424423844692136,0.7749921150487694,1337.8246417098449
M = 0 (no reservoir),3,0,0,0.5,5,0.1375,42.243178871854845,0.7903098583343878,1342.1264115719182
M = 0 (no reservoir),3,0,0,0.5,6,0.1625,42.49362350127124,0.7949953215234886,1346.0076118450124
M = 0 (no reservoir),3,0,0,0.5,7,0.1875,43.43763507648705,0.8126564368609024,1314.1196700432313
M = 0 (no reservoir),3,0,0,0.5,8,0.2125,43.967254775979434,0.8225648689641455,1268.9032761487397
M = 0 (no reservoir),3,0,0,0.5,9,0.2375,44.76095242013669,0.8374138242148164,1205.8940290002513
M = 0 (no reservoir),3,0,0,0.5,10,0.2625,45.254185674103425,0.8466415176194899,1229.5360649854938
M = 0 (no reservoir),3,0,0,0.5,11,0.2875,46.075236025892494,0.862002203167711,1135.7385199369878
M = 0 (no reservoir),3,0,0,0.5,12,0.3125,46.478792703561986,0.8695521752407495,1100.9282784512839
M = 0 (no reservoir),3,0,0,0.5,13,0.3375,47.11111440953027,0.8813820159679706,1030.2548114949238
M = 0 (no reservoir),3,0,0,0.5,14,0.3625,47.999108204568095,0.897995118227321,938.4995904290754
M = 0 (no reservoir),3,0,0,0.5,15,0.3875,48.91649907741176,0.9151581980455729,837.7885620399499
M = 0 (no reservoir),3,0,0,0.5,16,0.4125,49.26123051868329,0.9216076335234563,697.8536071298963
M = 0 (no reservoir),3,0,0,0.5,17,0.4375,50.0551125674289,0.9364600387219765,554.89279566018
M = 0 (no reservoir),3,0,0,0.5,18,0.4625,50.81234676005202,0.9506268146010679,362.4158394644708
M = 0 (no reservoir),3,0,0,0.5,19,0.4875,51.45975724702438,0.9627389449830032,131.82064205339233
M = 0 (no reservoir),3,0,0,0.5,20,0.5125,46.853766094539594,0.8765673946304087,5463.460256037188
M = 0 (no reservoir),3,0,0,0.5,21,0.5375,51.85352166091008,0.9701057177133213,1466.0161631811432
M = 0 (no reservoir),3,0,0,0.5,22,0.5625,53.080222917829396,0.9930555553549304,1455.3340008975053
M = 0 (no reservoir),3,0,0,0.5,23,0.5875,54.10375465188324,1.0122043798833749,1449.734190776114
M = 0 (no reservoir),3,0,0,0.5,24,0.6125,55.6516594970759,1.0411634803012269,1452.4893238050838
M = 0 (no reservoir),3,0,0,0.5,25,0.6375,56.58760338248647,1.0586736606248148,1459.0440604505156
M = 0 (no reservoir),3,0,0,0.5,26,0.6625,57.64105024076632,1.078382154624651,1457.4745040612822
M = 0 (no reservoir),3,0,0,0.5,27,0.6875,58.78232348133878,1.0997337554550182,1438.7628438025456
M = 0 (no reservoir),3,0,0,0.5,28,0.7125,60.13983013126753,1.1251307761538554,1439.3541470441637
M = 0 (no reservoir),3,0,0,0.5,29,0.7375,61.517173383874365,1.150898911505307,1433.030817573818
M = 0 (no reservoir),3,0,0,0.5,30,0.7625,62.40113965232084,1.1674366644643717,1433.4639511659652
M = 0 (no reservoir),3,0,0,0.5,31,0.7875,63.39745262707045,1.1860762646781635,1420.6513305486224
M = 0 (no reservoir),3,0,0,0.5,32,0.8125,65.15805463803947,1.2190146268713369,1399.1190678680268
M = 0 (no reservoir),3,0,0,0.5,33,0.8375,66.04309302341397,1.2355724376148802,1370.636298181166
M = 0 (no reservoir),3,0,0,0.5,34,0.8625,67.53392165567902,1.2634637231817256,1341.3605626206686
M = 0 (no reservoir),3,0,0,0.5,35,0.8875,69.08782876678691,1.2925351174669388,1247.6927643348556
M = 0 (no reservoir),3,0,0,0.5,36,0.9125,70.23545965122001,1.314005660781111,1142.4435015876863
M = 0 (no reservoir),3,0,0,0.5,37,0.9375,71.84681853770617,1.3441518961571899,977.1814808669386
M = 0 (no reservoir),3,0,0,0.5,38,0.9625,73.5280857101244,1.375606016238607,714.2174544351957
M = 0 (no reservoir),3,0,0,0.5,39,0.9875,74.88307285942273,1.4009559006603107,288.5332807615056
"M = 141, replicating",3,141,282,0.5,0,0.0125,41.04467206143044,0.7906148990528106,6848.389842464245
"M = 141, replicating",3,141,282,0.5,1,0.0375,44.322847006896005,0.8537600972823804,1473.4852580630745
"M = 141, replicating",3,141,282,0.5,2,0.0625,45.24996353299544,0.8716184964820438,1444.5720698786079
"M = 141, replicating",3,141,282,0.5,3,0.0875,46.036397919442244,0.8867670337178077,1448.3262148460437
"M = 141, replicating",3,141,282,0.5,4,0.1125,46.50097820523547,0.8957159198291307,1474.3087892120193
"M = 141, replicating",3,141,282,0.5,5,0.1375,47.79084108352106,0.9205616490819176,1450.000136054218
"M = 141, replicating",3,141,282,0.5,6,0.1625,48.28406667992237,0.9300623098382139,1436.674212421214
"M = 141, replicating",3,141,282,0.5,7,0.1875,48.92271497303552,0.9423641466036337,1437.1862430541569
"M = 141, replicating",3,141,282,0.5,8,0.2125,49.70068641783495,0.9573496680953271,1407.558742748434
"M = 141, replicating",3,141,282,0.5,9,0.2375,50.46842309035004,0.9721380443048191,1421.521966794259
"M = 141, replicating",3,141,282,0.5,10,0.2625,51.19289784747444,0.9860930964030049,1368.9997548821884
"M = 141, replicating",3,141,282,0.5,11,0.2875,51.99433820335342,1.0015306831648572,1363.2088485368047
"M = 141, replicating",3,141,282,0.5,12,0.3125,52.9002868601195,1.0189813404570909,1306.4030556032244
"M = 141, replicating",3,141,282,0.5,13,0.3375,53.70538885276335,1.0344894587748268,1249.8325993847793
"M = 141, replicating",3,141,282,0.5,14,0.3625,54.1464949296534,1.0429861775677083,1187.0938467732776
"M = 141, replicating",3,141,282,0.5,15,0.3875,55.176767533911004,1.0628316003741785,1084.26423445935
"M = 141, replicating",3,141,282,0.5,16,0.4125,56.38020722544267,1.0860126200400788,949.4473350852637
"M = 141, replicating",3,141,282,0.5,17,0.4375,56.92895371536908,1.096582741055772,772.2127395664428
"M = 141, replicating",3,141,282,0.5,18,0.4625,57.89300768954388,1.1151526405626533,526.0462997561889
"M = 141, replicating",3,141,282,0.5,19,0.4875,58.599471358577965,1.1287607576293925,200.46781041614756
"M = 141, replicating",3,141,282,0.5,20,0.5125,40.21557131389426,0.7746445094529897,4190.690378363344
"M = 141, replicating",3,141,282,0.5,21,0.5375,43.268447145645254,0.8334499279474568,1479.9963028390305
"M = 141, replicating",3,141,282,0.5,22,0.5625,44.563526411851484,0.858396136843573,1474.145217916221
"M = 141, replicating",3,141,282,0.5,23,0.5875,45.53120164227243,0.8770357900845617,1482.558449146764
"M = 141, replicating",3,141,282,0.5,24,0.6125,46.80511248258634,0.9015742463526408,1485.9674433936161
"M = 141, replicating",3,141,282,0.5,25,0.6375,47.66146752403249,0.9180696164126817,1470.0394081247648
"M = 141, replicating",3,141,282,0.5,26,0.6625,48.96421130813605,0.9431634615728814,1470.615335049083
"M = 141, replicating",3,141,282,0.5,27,0.6875,50.07515433281938,0.9645627824396401,1464.8019496228837
"M = 141, replicating",3,141,282,0.5,28,0.7125,51.07613361250807,0.9838439483600446,1483.0238476699103
"M = 141, replicating",3,141,282,0.5,29,0.7375,52.27133317471228,1.0068662441602345,1495.122422347885
"M = 141, replicating",3,141,282,0.5,30,0.7625,53.47659189658561,1.0300823025392667,1468.1514752427556
"M = 141, replicating",3,141,282,0.5,31,0.7875,54.54466368315913,1.0506558246387767,1457.3615230529679
"M = 141, replicating",3,141,282,0.5,32,0.8125,55.68470313950346,1.072615609780802,1453.8460074294849
"M = 141, replicating",3,141,282,0.5,33,0.8375,57.03942936921416,1.098710756545378,1444.1483992983651
"M = 141, replicating",3,141,282,0.5,34,0.8625,58.09011003803539,1.1189492856697811,1429.7490532353866
"M = 141, replicating",3,141,282,0.5,35,0.8875,59.32753373555343,1.1427849155472605,1394.1379577580933
"M = 141, replicating",3,141,282,0.5,36,0.9125,60.62491867065411,1.1677755369356366,1296.6857710855877
"M = 141, replicating",3,141,282,0.5,37,0.9375,61.98435720957166,1.1939614536267527,1151.224984201138
"M = 141, replicating",3,141,282,0.5,38,0.9625,63.43579332964666,1.22191945557734,882.0166649232837
"M = 141, replicating",3,141,282,0.5,39,0.9875,64.71525404375718,1.2465648151946507,375.71740929952944
M = 212 static (matched buffer),0,212,212,1.0,0,0.0125,32.553539244893926,0.6214503174447044,5708.275109601593
M = 212 static (matched buffer),0,212,212,1.0,1,0.0375,35.80345523849853,0.6834915385451409,1472.1514780975065
M = 212 static (matched buffer),0,212,212,1.0,2,0.0625,36.564341324253405,0.6980169299618605,1495.9066837452742
M = 212 static (matched buffer),0,212,212,1.0,3,0.0875,37.42071004082421,0.7143650943429767,1485.1994218484497
M = 212 static (matched buffer),0,212,212,1.0,4,0.1125,38.18975834729735,0.7290463033689049,1468.4320634180128
M = 212 static (matched buffer),0,212,212,1.0,5,0.1375,39.26493634082775,0.7495715587140308,1474.4225687001226
M = 212 static (matched buffer),0,212,212,1.0,6,0.1625,40.11276863793591,0.7657567619945123,1478.4036207783984
M = 212 static (matched buffer),0,212,212,1.0,7,0.1875,40.97718463265471,0.7822585497196838,1475.8855614030228
M = 212 static (matched buffer),0,212,212,1.0,8,0.2125,41.75906087470175,0.7971846453176861,1477.318668330309
M = 212 static (matched buffer),0,212,212,1.0,9,0.2375,42.80379642318399,0.8171287513445565,1465.1727308774055
M = 212 static (matched buffer),0,212,212,1.0,10,0.2625,43.343847907265214,0.8274383881460727,1464.576166153186
M = 212 static (matched buffer),0,212,212,1.0,11,0.2875,44.61962648342008,0.8517931286606528,1497.7464616354212
M = 212 static (matched buffer),0,212,212,1.0,12,0.3125,45.48981245787914,0.8684050658756928,1459.896928528289
M = 212 static (matched buffer),0,212,212,1.0,13,0.3375,46.273214362087984,0.8833602865168318,1484.620065033349
M = 212 static (matched buffer),0,212,212,1.0,14,0.3625,47.25340327950995,0.9020721909062512,1495.929503031757
M = 212 static (matched buffer),0,212,212,1.0,15,0.3875,48.02797756863749,0.9168588914932946,1498.5574734523345
M = 212 static (matched buffer),0,212,212,1.0,16,0.4125,49.04267866718118,0.9362296368693254,1466.8310711338788
M = 212 static (matched buffer),0,212,212,1.0,17,0.4375,49.98639868179664,0.9542453462596243,1490.694393782586
M = 212 static (matched buffer),0,212,212,1.0,18,0.4625,50.77018024736645,0.969207814674086,1466.5355468319513
M = 212 static (matched buffer),0,212,212,1.0,19,0.4875,51.63662652900793,0.9857483607795094,1481.3770168971485
M = 212 static (matched buffer),0,212,212,1.0,20,0.5125,52.50776944566433,1.0023785661167293,1483.9752705255648
M = 212 static (matched buffer),0,212,212,1.0,21,0.5375,53.70617612322042,1.0252562693548466,1476.3889195092202
M = 212 static (matched buffer),0,212,212,1.0,22,0.5625,54.47424803555803,1.0399188389191507,1463.4480364342628
M = 212 static (matched buffer),0,212,212,1.0,23,0.5875,55.22793949490691,1.0543068841987802,1497.5713813420957
M = 212 static (matched buffer),0,212,212,1.0,24,0.6125,56.26563558943589,1.0741166063461904,1457.3175058760191
M = 212 static (matched buffer),0,212,212,1.0,25,0.6375,57.24026233267276,1.0927223282745566,1451.9331626247938
M = 212 static (matched buffer),0,212,212,1.0,26,0.6625,58.23040920329304,1.1116243309856864,1474.9169383912279
M = 212 static (matched buffer),0,212,212,1.0,27,0.6875,59.26714846911081,1.1314157871773782,1458.4062093401142
M = 212 static (matched buffer),0,212,212,1.0,28,0.7125,60.06911744502891,1.1467254550729598,1469.7572890665015
M = 212 static (matched buffer),0,212,212,1.0,29,0.7375,61.072584319419505,1.1658817379872084,1458.8609101648647
M = 212 static (matched buffer),0,212,212,1.0,30,0.7625,62.014535846101545,1.1838636867661232,1445.0916968452934
M = 212 static (matched buffer),0,212,212,1.0,31,0.7875,62.900014510037884,1.2007675629515695,1434.3295548289882
M = 212 static (matched buffer),0,212,212,1.0,32,0.8125,63.780747673584415,1.2175808470603293,1385.7871165581764
M = 212 static (matched buffer),0,212,212,1.0,33,0.8375,65.01794795952355,1.2411991241593443,1379.4201277874838
M = 212 static (matched buffer),0,212,212,1.0,34,0.8625,66.04819208563363,1.26086658748492,1315.8205037184375
M = 212 static (matched buffer),0,212,212,1.0,35,0.8875,67.22781934926705,1.2833857898345205,1239.7599466925199
M = 212 static (matched buffer),0,212,212,1.0,36,0.9125,68.12682632992785,1.300547922938198,1114.4819439064918
M = 212 static (matched buffer),0,212,212,1.0,37,0.9375,68.82103025988444,1.3138003453368023,938.8533841162173
M = 212 static (matched buffer),0,212,212,1.0,38,0.9625,70.27191868180452,1.34149795030676,678.5485301750222
M = 212 static (matched buffer),0,212,212,1.0,39,0.9875,71.1632638053573,1.3585138177925526,267.39903881675065
"M = 141, reservoir only",0,141,282,0.5,0,0.0125,39.10671480399364,0.7475003416018758,5567.113503342885
"M = 141, reservoir only",0,141,282,0.5,1,0.0375,42.934239509893025,0.8206610772834431,1486.1027908830292
"M = 141, reservoir only",0,141,282,0.5,2,0.0625,43.83163076204598,0.8378141485883834,1483.246572881161
"M = 141, reservoir only",0,141,282,0.5,3,0.0875,44.959388355813786,0.8593705281209197,1459.1669262777905
"M = 141, reservoir only",0,141,282,0.5,4,0.1125,46.22451694079168,0.8835526680470457,1456.4765349725628
"M = 141, reservoir only",0,141,282,0.5,5,0.1375,47.046932112652826,0.8992726185718081,1475.169761477429
"M = 141, reservoir only",0,141,282,0.5,6,0.1625,48.02032352450473,0.9178783852929064,1468.6699072973663
"M = 141, reservoir only",0,141,282,0.5,7,0.1875,49.04147584671621,0.9373970718792489,1474.0240900384617
"M = 141, reservoir only",0,141,282,0.5,8,0.2125,50.24414184778697,0.9603852786651983,1443.4926656336759
"M = 141, reservoir only",0,141,282,0.5,9,0.2375,51.13778849715255,0.9774667742349546,1461.0029649288372
"M = 141, reservoir only",0,141,282,0.5,10,0.2625,52.303430204064796,0.9997472848446906,1451.7119401841828
"M = 141, reservoir only",0,141,282,0.5,11,0.2875,53.39749978221579,1.0206597390741767,1438.5310233263085
"M = 141, reservoir only",0,141,282,0.5,12,0.3125,54.49856552023575,1.0417059205144032,1385.0342370799412
"M = 141, reservoir only",0,141,282,0.5,13,0.3375,55.54770268796193,1.06175951988201,1335.0617332158008
"M = 141, reservoir only",0,141,282,0.5,14,0.3625,56.6648823811064,1.083113709474302,1301.2806567359905
"M = 141, reservoir only",0,141,282,0.5,15,0.3875,57.78070612883449,1.1044419810198591,1207.380413838184
"M = 141, reservoir only",0,141,282,0.5,16,0.4125,58.9926071985021,1.1276067103535463,1107.5829971275245
"M = 141, reservoir only",0,141,282,0.5,17,0.4375,60.09191369823284,1.1486192650565554,932.5963626848129
"M = 141, reservoir only",0,141,282,0.5,18,0.4625,61.55327998912086,1.176552365730425,654.3045405471019
"M = 141, reservoir only",0,141,282,0.5,19,0.4875,62.68117569089169,1.198111385110874,262.0503775269346
"M = 141, reservoir only",0,141,282,0.5,20,0.5125,42.901135618753464,0.8200283171536495,5535.263981436021
"M = 141, reservoir only",0,141,282,0.5,21,0.5375,46.08652671116983,0.8809150712993506,1463.263672402592
"M = 141, reservoir only",0,141,282,0.5,22,0.5625,46.62559126162846,0.8912189522986345,1484.7975309436167
"M = 141, reservoir only",0,141,282,0.5,23,0.5875,47.68690090313462,0.9115052208729052,1453.442764441466
"M = 141, reservoir only",0,141,282,0.5,24,0.6125,48.39990796557043,0.925133903962411,1464.9285326440292
"M = 141, reservoir only",0,141,282,0.5,25,0.6375,49.0697307950165,0.9379371475059607,1474.4427574818505
"M = 141, reservoir only",0,141,282,0.5,26,0.6625,49.79208460377662,0.951744487792966,1490.5772522318541
"M = 141, reservoir only",0,141,282,0.5,27,0.6875,50.8242542556489,0.9714737637301724,1475.4526218157255
"M = 141, reservoir only",0,141,282,0.5,28,0.7125,51.439066762191004,0.9832255194315843,1483.825405926659
"M = 141, reservoir only",0,141,282,0.5,29,0.7375,52.35797970013063,1.000789964270661,1437.2301613453844
"M = 141, reservoir only",0,141,282,0.5,30,0.7625,53.23545704803561,1.0175623937778284,1452.444494027407
"M = 141, reservoir only",0,141,282,0.5,31,0.7875,54.06986479565828,1.033511574871391,1410.3033867724694
"M = 141, reservoir only",0,141,282,0.5,32,0.8125,55.06519523260657,1.052536692305945,1403.125613045523
"M = 141, reservoir only",0,141,282,0.5,33,0.8375,55.54062791016656,1.061624289938884,1338.9299798832863
"M = 141, reservoir only",0,141,282,0.5,34,0.8625,56.7118610605234,1.0840116774853767,1321.647190993781
"M = 141, reservoir only",0,141,282,0.5,35,0.8875,57.611556786848126,1.1012087973696787,1213.5992712254215
"M = 141, reservoir only",0,141,282,0.5,36,0.9125,58.38470471633012,1.1159870354368036,1115.5168687435369
"M = 141, reservoir only",0,141,282,0.5,37,0.9375,59.30331139457144,1.1335456263137091,921.9531607337221
"M = 141, reservoir only",0,141,282,0.5,38,0.9625,60.305550320933136,1.1527027951931967,649.823282315938
"M = 141, reservoir only",0,141,282,0.5,39,0.9875,61.19583326488256,1.1697199956422755,259.43207158970927
