kind,case,kd,M,p,xf,g
meanfield,decoy,30.0,5,0.8670594044874496,195.66470297756274,1.0191548111220547
meanfield,iteron,30.0,5,0.8670594044874496,195.66470297756274,0.9970631170317544
meanfield,decoy,30.0,6,0.866548463728568,194.8007092176286,1.023046356793468
meanfield,iteron,30.0,6,0.866548463728568,194.8007092176286,0.9964507793293934
meanfield,decoy,30.0,7,0.8660342055541282,193.9377605611211,1.0269582007353457
meanfield,iteron,30.0,7,0.8660342055541282,193.9377605611211,0.9958298682024562
meanfield,decoy,30.0,8,0.8655166048137235,193.0758671614902,1.0308903826215003
meanfield,iteron,30.0,8,0.8655166048137235,193.0758671614902,0.9952002728654331
meanfield,decoy,30.0,9,0.8649956362179267,192.21503927403865,1.0348429395744323
meanfield,iteron,30.0,9,0.8649956362179267,192.21503927403865,0.9945618813638056
meanfield,decoy,30.0,10,0.8644712743399562,191.35528725660043,1.0388159060803246
meanfield,iteron,30.0,10,0.8644712743399562,191.35528725660043,0.9939145805736309
meanfield,decoy,30.0,11,0.8639434936174397,190.49662157020816,1.0428093139023187
meanfield,iteron,30.0,11,0.8639434936174397,190.49662157020816,0.9932582562016921
meanfield,decoy,30.0,12,0.863412268354282,189.63905277974862,1.0468231919920588
meanfield,iteron,30.0,12,0.863412268354282,189.63905277974862,0.9925927927862347
meanfield,decoy,30.0,13,0.8628775727226344,188.78259155460574,1.0508575663994986
meanfield,iteron,30.0,13,0.8628775727226344,188.78259155460574,0.9919180736983175
meanfield,decoy,30.0,15,0.8617976663962914,187.0730350040556,1.0589878933054373
meanfield,iteron,30.0,15,0.8617976663962914,187.0730350040556,0.990540396165996
meanfield,decoy,30.0,17,0.8607035654623169,185.3680393871406,1.067200441448327
meanfield,iteron,30.0,17,0.8607035654623169,185.3680393871406,0.9891242673218366
meanfield,decoy,30.0,19,0.8595950587812982,183.66769388315532,1.075495305162404
meanfield,iteron,30.0,19,0.8595950587812982,183.66769388315532,0.9876687124066958
meanfield,decoy,30.0,21,0.8584719333336861,181.9720893999926,1.0838725230925335
meanfield,iteron,30.0,21,0.8584719333336861,181.9720893999926,0.9861727383519502
meanfield,decoy,30.0,23,0.8573339743109933,180.28131859084715,1.092332074886192
meanfield,iteron,30.0,23,0.8573339743109933,180.28131859084715,0.9846353339977935
meanfield,decoy,30.0,26,0.8555987487992968,177.7544325312183,1.105175579577787
meanfield,iteron,30.0,26,0.8555987487992968,177.7544325312183,0.9822492899760491
meanfield,decoy,30.0,29,0.8538289230276347,175.2389612321986,1.1182035723693498
meanfield,iteron,30.0,29,0.8538289230276347,175.2389612321986,0.9797641623406923
meanfield,decoy,30.0,32,0.8520237526897803,172.73523991392705,1.1314151300401654
meanfield,iteron,30.0,32,0.8520237526897803,172.73523991392705,0.9771763196486747
meanfield,decoy,30.0,36,0.8495605808164642,169.41581909060727,1.1493137543641325
meanfield,iteron,30.0,36,0.8495605808164642,169.41581909060727,0.9735596554385026
meanfield,decoy,30.0,40,0.8470314479804144,166.11874208078342,1.1675320381861007
meanfield,iteron,30.0,40,0.8470314479804144,166.11874208078342,0.9697447676124413
meanfield,decoy,30.0,45,0.8437745291784019,162.03014618697193,1.1907454940420765
meanfield,iteron,30.0,45,0.8437745291784019,162.03014618697193,0.9646833323555787
meanfield,decoy,30.0,50,0.8404082057734575,157.97958971132712,1.2144345083117603
meanfield,iteron,30.0,50,0.8404082057734575,157.97958971132712,0.9592793267718458
meanfield,decoy,30.0,55,0.8369289653113875,153.9689069078737,1.2385799454330153
meanfield,iteron,30.0,55,0.8369289653113875,153.9689069078737,0.9535140015816762
meanfield,decoy,30.0,62,0.8318617246305966,148.424573072903,1.2731038396502825
meanfield,iteron,30.0,62,0.8318617246305966,148.424573072903,0.9447994693878338
meanfield,decoy,30.0,69,0.8265570742053772,142.96756187982896,1.308391596797429
meanfield,iteron,30.0,69,0.8265570742053772,142.96756187982896,0.9352877828909232
meanfield,decoy,30.0,77,0.8201925788826373,136.84517142603693,1.34951966760983
meanfield,iteron,30.0,77,0.8201925788826373,136.84517142603693,0.9233762512843777
meanfield,decoy,30.0,86,0.8126329873529913,130.11356308764277,1.3965702581045567
meanfield,iteron,30.0,86,0.8126329873529913,130.11356308764277,0.9085636619210639
meanfield,decoy,30.0,96,0.803720002833083,122.84287972802403,1.4494089697155597
meanfield,iteron,30.0,96,0.803720002833083,122.84287972802403,0.8902478587174386
meanfield,decoy,30.0,107,0.7932740680529525,115.11967471833408,1.5075380020765343
meanfield,iteron,30.0,107,0.7932740680529525,115.11967471833408,0.8677364221228894
meanfield,decoy,30.0,119,0.7811002942399752,107.04906498544297,1.569908036536957
meanfield,iteron,30.0,119,0.7811002942399752,107.04906498544297,0.8402859371220696
meanfield,decoy,30.0,133,0.7658778602905506,98.13824458135676,1.6395278798152275
meanfield,iteron,30.0,133,0.7658778602905506,98.13824458135676,0.8045019403363004
meanfield,decoy,30.0,148,0.7483998650251716,89.2368199762746,1.7078711791795376
meanfield,iteron,30.0,148,0.7483998650251716,89.2368199762746,0.762024964795561
meanfield,decoy,30.0,165,0.7272727272727273,80.0,1.774193548387097
meanfield,iteron,30.0,165,0.7272727272727273,80.0,0.7096774193548387
meanfield,decoy,30.0,185,0.7009626373980168,70.3219120813669,1.8331720748717137
meanfield,iteron,30.0,185,0.7009626373980168,70.3219120813669,0.644560827395728
meanfield,decoy,30.0,206,0.6722156242316303,61.52358140828417,1.8706626144059102
meanfield,iteron,30.0,206,0.6722156242316303,61.52358140828417,0.5754493182241786
meanfield,decoy,30.0,230,0.6388424407426924,53.066238629180745,1.8844373104863459
meanfield,iteron,30.0,230,0.6388424407426924,53.066238629180745,0.5
meanfield,decoy,30.0,256,0.6031461631752668,45.594582227131696,1.8714156886987519
meanfield,iteron,30.0,256,0.6031461631752668,45.594582227131696,0.42663208249759765
meanfield,decoy,30.0,286,0.5637490796250925,38.767763227223554,1.8330885792729432
meanfield,iteron,30.0,286,0.5637490796250925,38.767763227223554,0.3553237200789054
meanfield,decoy,30.0,319,0.5235984658307443,32.9720893999926,1.7770757576804819
meanfield,iteron,30.0,319,0.5235984658307443,32.9720893999926,0.2929695037640021
meanfield,decoy,30.0,356,0.4830532209643777,28.033053336681547,1.7104131554252062
meanfield,iteron,30.0,356,0.4830532209643777,28.033053336681547,0.23974051606898295
meanfield,decoy,30.0,397,0.4435448373837148,23.912699558665253,1.6407242598641993
meanfield,iteron,30.0,397,0.4435448373837148,23.912699558665253,0.19617073142373004
meanfield,decoy,30.0,442,0.4060814923707899,20.5119803721108,1.5734002572875
meanfield,iteron,30.0,442,0.4060814923707899,20.5119803721108,0.1613677759747765
meanfield,decoy,30.0,493,0.3699489119624878,17.61518640249352,1.5091271635328165
meanfield,iteron,30.0,493,0.3699489119624878,17.61518640249352,0.13291778145348443
meanfield,decoy,30.0,550,0.3360311903875783,15.182845286831906,1.45037184871573
meanfield,iteron,30.0,550,0.3360311903875783,15.182845286831906,0.11010385693713651
meanfield,decoy,30.0,614,0.30435586579059354,13.12549840457541,1.3973931004154077
meanfield,iteron,30.0,614,0.30435586579059354,13.12549840457541,0.09170740455033567
meanfield,decoy,30.0,685,0.2753310730746414,11.398214943870528,1.3506936353138266
meanfield,iteron,30.0,685,0.2753310730746414,11.398214943870528,0.07697748189312438
meanfield,decoy,30.0,764,0.24877637891812712,9.934846506550969,1.30961807637145
meanfield,iteron,30.0,764,0.24877637891812712,9.934846506550969,0.06505427285477447
meanfield,decoy,30.0,852,0.22454577123940633,8.687002904025576,1.273548910178514
meanfield,iteron,30.0,852,0.22454577123940633,8.687002904025576,0.05531661540569686
meanfield,decoy,30.0,951,0.2023045851463585,7.608339525812994,1.2416322912292477
meanfield,iteron,30.0,951,0.2023045851463585,7.608339525812994,0.047233800189426196
meanfield,decoy,30.0,1060,0.18236672995964776,6.691266242773395,1.2139832538330815
meanfield,iteron,30.0,1060,0.18236672995964776,6.691266242773395,0.040615425828327514
meanfield,decoy,30.0,1183,0.16408388130421975,5.888768417107258,1.1894179220424255
meanfield,iteron,30.0,1183,0.16408388130421975,5.888768417107258,0.03502103347032402
meanfield,decoy,30.0,1319,0.14768884536007967,5.198412970054619,1.168019769134686
meanfield,iteron,30.0,1319,0.14768884536007967,5.198412970054619,0.030359245585749813
meanfield,decoy,30.0,1472,0.1327499328850916,4.592098793144373,1.149031617042498
meanfield,iteron,30.0,1472,0.1327499328850916,4.592098793144373,0.026382333509528018
meanfield,decoy,30.0,1642,0.11932712422518871,4.064862022241982,1.1323770037144876
meanfield,iteron,30.0,1642,0.11932712422518871,4.064862022241982,0.02301478138629573
meanfield,decoy,30.0,1831,0.10726135451394148,3.6044598849714475,1.1177283838897774
meanfield,iteron,30.0,1831,0.10726135451394148,3.6044598849714475,0.020144035610123515
meanfield,decoy,30.0,2043,0.09632992814855681,3.197956792500463,1.104715585356412
meanfield,iteron,30.0,2043,0.09632992814855681,3.197956792500463,0.01766416354985813
meanfield,decoy,30.0,2278,0.08654852196042423,2.8424669741464186,1.0932766893775234
meanfield,iteron,30.0,2278,0.08654852196042423,2.8424669741464186,0.015538014415799273
meanfield,decoy,30.0,2541,0.07771433188924368,2.5278826694261625,1.0831092098978603
meanfield,iteron,30.0,2541,0.07771433188924368,2.5278826694261625,0.013689865003983712
meanfield,decoy,30.0,2835,0.06975325984662728,2.2495083348035223,1.074077754076829
meanfield,iteron,30.0,2835,0.06975325984662728,2.2495083348035223,0.012080734300114863
meanfield,decoy,30.0,3162,0.06261732911603461,2.0040053350992366,1.0660866038941632
meanfield,iteron,30.0,3162,0.06261732911603461,2.0040053350992366,0.010682216209408612
meanfield,decoy,100.0,5,0.6629425043286147,196.68528747835694,1.011109381419813
meanfield,iteron,100.0,5,0.6629425043286147,196.68528747835694,0.9943516967830979
meanfield,decoy,100.0,6,0.6621927967329074,196.02684321960257,1.0133303393353863
meanfield,iteron,100.0,6,0.6621927967329074,196.02684321960257,0.9931997377928222
meanfield,decoy,100.0,7,0.6614414781871828,195.36990965268973,1.015550793166034
meanfield,iteron,100.0,7,0.6614414781871828,195.36990965268973,0.9920403335428272
meanfield,decoy,100.0,8,0.660688554978697,194.71449156017042,1.0177706569964335
meanfield,iteron,100.0,8,0.660688554978697,194.71449156017042,0.9908734800096057
meanfield,decoy,100.0,9,0.6599340335189963,194.06059369832903,1.0199898443921531
meanfield,iteron,100.0,9,0.6599340335189963,194.06059369832903,0.9896991738450375
meanfield,decoy,100.0,10,0.6591779203441698,193.4082207965583,1.022208268410137
meanfield,iteron,100.0,10,0.6591779203441698,193.4082207965583,0.9885174123836766
meanfield,decoy,100.0,11,0.658420222115083,192.7573775567341,1.0244258416094483
meanfield,iteron,100.0,11,0.658420222115083,192.7573775567341,0.9873281936499374
meanfield,decoy,100.0,12,0.6576609456175879,192.10806865258894,1.0266424760622692
meanfield,iteron,100.0,12,0.6576609456175879,192.10806865258894,0.9861315163651715
meanfield,decoy,100.0,13,0.6569000977627111,191.46029872908477,1.028858083365158
meanfield,iteron,100.0,13,0.6569000977627111,191.46029872908477,0.9849273799546338
meanfield,decoy,100.0,15,0.6553737162517608,190.1693942562236,1.0332858605985717
meanfield,iteron,100.0,15,0.6553737162517608,190.1693942562236,0.9824967310177556
meanfield,decoy,100.0,17,0.6538411353796443,188.88470069854606,1.0377084570134205
meanfield,iteron,100.0,17,0.6538411353796443,188.88470069854606,0.98003625657665
meanfield,decoy,100.0,19,0.6523024149547327,187.60625411586008,1.0421251494663806
meanfield,iteron,100.0,19,0.6523024149547327,187.60625411586008,0.9775459780565923
meanfield,decoy,100.0,21,0.650757616798255,186.33409004723666,1.0465352083714585
meanfield,iteron,100.0,21,0.650757616798255,186.33409004723666,0.9750259287714547
meanfield,decoy,100.0,23,0.6492068047446278,185.06824349087356,1.0509378981199846
meanfield,iteron,100.0,23,0.6492068047446278,185.06824349087356,0.9724761541152809
meanfield,decoy,100.0,26,0.646869455195346,183.181394164921,1.0575264927905408
meanfield,iteron,100.0,26,0.646869455195346,183.181394164921,0.9685958865785526
meanfield,decoy,100.0,29,0.6445189537047245,181.30895034256298,1.0640943152444493
meanfield,iteron,100.0,29,0.6445189537047245,181.30895034256298,0.9646491168122971
meanfield,decoy,100.0,32,0.6421555411058227,179.45102268461366,1.0706388203262873
meanfield,iteron,100.0,32,0.6421555411058227,179.45102268461366,0.960636156167003
meanfield,decoy,100.0,36,0.638984675468476,176.99655168313487,1.0793241220216576
meanfield,iteron,100.0,36,0.638984675468476,176.99655168313487,0.9551832387313024
meanfield,decoy,100.0,40,0.6357919262997599,174.5683229480096,1.0879572942861635
meanfield,iteron,100.0,40,0.6357919262997599,174.5683229480096,0.9496144015129486
meanfield,decoy,100.0,45,0.631771214616909,171.5702953422391,1.0986660872396565
meanfield,iteron,100.0,45,0.631771214616909,171.5702953422391,0.9424923253510505
meanfield,decoy,100.0,50,0.6277186767309857,168.61406616345073,1.1092717958449423
meanfield,iteron,100.0,50,0.6277186767309857,168.61406616345073,0.9351941398892446
meanfield,decoy,100.0,55,0.6236357287964208,165.70003491619687,1.1197624187168531
meanfield,iteron,100.0,55,0.6236357287964208,165.70003491619687,0.927723359396138
meanfield,decoy,100.0,62,0.6178713556742889,161.69197594819408,1.1342332804533946
meanfield,iteron,100.0,62,0.6178713556742889,161.69197594819408,0.9169821015135576
meanfield,decoy,100.0,69,0.6120546003630467,157.76823257494976,1.1484230409722764
meanfield,iteron,100.0,69,0.6120546003630467,157.76823257494976,0.9059233671127259
meanfield,decoy,100.0,77,0.6053485690572873,153.38816018258888,1.1642555649373023
meanfield,iteron,100.0,77,0.6053485690572873,153.38816018258888,0.8929150954403671
meanfield,decoy,100.0,86,0.5977384718805213,148.59449141827517,1.1815236880574371
meanfield,iteron,100.0,86,0.5977384718805213,148.59449141827517,0.8778395576276983
meanfield,decoy,100.0,96,0.5892135659802379,143.43549766589715,1.1999657203021306
meanfield,iteron,100.0,96,0.5892135659802379,143.43549766589715,0.8605884013677642
meanfield,decoy,100.0,107,0.5797695336654279,137.9646598977992,1.2192609099227258
meanfield,iteron,100.0,107,0.5797695336654279,137.9646598977992,0.8410745838208503
meanfield,decoy,100.0,119,0.5694111006899318,132.2400790178981,1.2390287964124305
meanfield,iteron,100.0,119,0.5694111006899318,132.2400790178981,0.8192463297151549
meanfield,decoy,100.0,133,0.5572883325154651,125.88065177544314,1.2602858861099147
meanfield,iteron,100.0,133,0.5572883325154651,125.88065177544314,0.7932280438345398
meanfield,decoy,100.0,148,0.5443015634031834,119.44336861632885,1.2807959411464247
meanfield,iteron,100.0,148,0.5443015634031834,119.44336861632885,0.7649129086032512
meanfield,decoy,100.0,165,0.5296501902465788,112.6077186093145,1.3011289896507123
meanfield,iteron,100.0,165,0.5296501902465788,112.6077186093145,0.7325858357050455
meanfield,decoy,100.0,185,0.5125978688852779,105.1693942562236,1.3210909282231977
meanfield,iteron,100.0,185,0.5125978688852779,105.1693942562236,0.6946916633931294
meanfield,decoy,100.0,206,0.4950170497910456,98.02648774304458,1.3376014160855425
meanfield,iteron,100.0,206,0.4950170497910456,98.02648774304458,0.6556018440949427
meanfield,decoy,100.0,230,0.4754616340750704,90.64382416273381,1.351302650219287
meanfield,iteron,100.0,230,0.4754616340750704,90.64382416273381,0.6124361990855662
meanfield,decoy,100.0,256,0.4550569614617994,83.50541786577935,1.3606522421156007
meanfield,iteron,100.0,256,0.4550569614617994,83.50541786577935,0.568109170239364
meanfield,decoy,100.0,286,0.43265680142876106,76.26015479137433,1.3655315256007658
meanfield,iteron,100.0,286,0.43265680142876106,76.26015479137433,0.5206782275740798
meanfield,decoy,100.0,319,0.40953547321207157,69.35818404534919,1.365210618267059
meanfield,iteron,100.0,319,0.40953547321207157,69.35818404534919,0.4734426466121581
meanfield,decoy,100.0,356,0.38554521269364656,62.745904281061826,1.3597825500795442
meanfield,iteron,100.0,356,0.38554521269364656,62.745904281061826,0.4266039286517462
meanfield,decoy,100.0,397,0.3612935701662093,56.56645264401487,1.3497245539351541
meanfield,iteron,100.0,397,0.3612935701662093,56.56645264401487,0.3817456503131851
meanfield,decoy,100.0,442,0.3373232307254375,50.903132019356576,1.3359503460447724
meanfield,iteron,100.0,442,0.3373232307254375,50.903132019356576,0.34002028418011077
meanfield,decoy,100.0,493,0.31318525444663625,45.59966955780837,1.3188776150008832
meanfield,iteron,100.0,493,0.31318525444663625,45.59966955780837,0.30070191715615335
meanfield,decoy,100.0,550,0.2895388266938796,40.75364531836624,1.2996127381260576
meanfield,iteron,100.0,550,0.2895388266938796,40.75364531836624,0.2648197829041007
meanfield,decoy,100.0,614,0.2665454423744769,36.341098382071266,1.2789566523760099
meanfield,iteron,100.0,614,0.2665454423744769,36.341098382071266,0.23239344765200537
meanfield,decoy,100.0,685,0.24467998021509815,32.39421355265779,1.2579390143865663
meanfield,iteron,100.0,685,0.24467998021509815,32.39421355265779,0.2037497253412914
meanfield,decoy,100.0,764,0.2239978717792028,28.865625960689158,1.2371164801076862
meanfield,iteron,100.0,764,0.2239978717792028,28.865625960689158,0.178550707922964
meanfield,decoy,100.0,852,0.20455831242201752,25.716317816441233,1.2169238271560523
meanfield,iteron,100.0,852,0.20455831242201752,25.716317816441233,0.15647399948772506
meanfield,decoy,100.0,951,0.18623946035069985,22.886273206484304,1.1975012811241366
meanfield,iteron,100.0,951,0.18623946035069985,22.886273206484304,0.13703170742460988
meanfield,decoy,100.0,1060,0.16943411308691314,20.399840127872153,1.179456651930817
meanfield,iteron,100.0,1060,0.16943411308691314,20.399840127872153,0.12030363568572004
meanfield,decoy,100.0,1183,0.15370868843149574,18.16262158554059,1.1624526736297922
meanfield,iteron,100.0,1183,0.15370868843149574,18.16262158554059,0.10556594011118915
meanfield,decoy,100.0,1319,0.1393541947602213,16.191817111267596,1.1468839593726419
meanfield,iteron,100.0,1319,0.1393541947602213,16.191817111267596,0.0928506765900416
meanfield,decoy,100.0,1472,0.1260695754670604,14.425584912487352,1.1324726131404088
meanfield,iteron,100.0,1472,0.1260695754670604,14.425584912487352,0.08168289920961691
meanfield,decoy,100.0,1642,0.11396901908622177,12.862870660423596,1.1193685377532352
meanfield,iteron,100.0,1642,0.11396901908622177,12.862870660423596,0.07199146361233685
meanfield,decoy,100.0,1831,0.10296127396973692,11.477907361411212,1.1074839463207233
meanfield,iteron,100.0,1831,0.10296127396973692,11.477907361411212,0.063557990700597
meanfield,decoy,100.0,2043,0.09288330873795612,10.239400248355082,1.096645097315866
meanfield,iteron,100.0,2043,0.09288330873795612,10.239400248355082,0.056144940409067465
meanfield,decoy,100.0,2278,0.08378211418701238,9.144343881987197,1.0868991663897898
meanfield,iteron,100.0,2278,0.08378211418701238,9.144343881987197,0.049694898712566944
meanfield,decoy,100.0,2541,0.07549545653495511,8.166044944679015,1.0780659463344893
meanfield,iteron,100.0,2541,0.07549545653495511,8.166044944679015,0.044017674855476786
meanfield,decoy,100.0,2835,0.06797419179479906,7.293166261747274,1.0700857548856793
meanfield,iteron,100.0,2835,0.06797419179479906,7.293166261747274,0.03902156662354248
meanfield,decoy,100.0,3162,0.06118981506168444,6.517804774956176,1.0629203104588976
meanfield,iteron,100.0,3162,0.06118981506168444,6.517804774956176,0.03463953537453411
meanfield,decoy,300.0,5,0.39760484767220233,198.01197576163898,1.003967922556031
meanfield,iteron,300.0,5,0.39760484767220233,198.01197576163898,0.9939883597331393
meanfield,decoy,300.0,6,0.3971269942637107,197.61723803441774,1.0047537870584446
meanfield,iteron,300.0,6,0.3971269942637107,197.61723803441774,0.9927833415155566
meanfield,decoy,300.0,7,0.39664953845063455,197.22345323084556,1.005537070292738
meanfield,iteron,300.0,7,0.39664953845063455,197.22345323084556,0.9915774667738064
meanfield,decoy,300.0,8,0.3961724824543949,196.83062014036483,1.0063177690543954
meanfield,iteron,300.0,8,0.3961724824543949,196.83062014036483,0.9903707527062253
meanfield,decoy,300.0,9,0.3956958284835233,196.4387375436483,1.0070958802359724
meanfield,iteron,300.0,9,0.3956958284835233,196.4387375436483,0.9891632164948183
meanfield,decoy,300.0,10,0.3952195787336152,196.04780421266383,1.0078714008268885
meanfield,iteron,300.0,10,0.3952195787336152,196.04780421266383,0.9879548753042653
meanfield,decoy,300.0,11,0.3947437353872849,195.65781891073988,1.008644327913206
meanfield,iteron,300.0,11,0.3947437353872849,195.65781891073988,0.9867457462809349
meanfield,decoy,300.0,12,0.39426830061412066,195.26878039263056,1.009414658677406
meanfield,iteron,300.0,12,0.39426830061412066,195.26878039263056,0.9855358465519026
meanfield,decoy,300.0,13,0.3937932765706416,194.88068740458166,1.0101823903981515
meanfield,iteron,300.0,13,0.3937932765706416,194.88068740458166,0.9843251932239763
meanfield,decoy,300.0,15,0.39284446923321736,194.10733296150175,1.01171004630338
meanfield,iteron,300.0,15,0.39284446923321736,194.10733296150175,0.9819016940915327
meanfield,decoy,300.0,17,0.39189733036420116,193.33774538380857,1.0132272757724183
meanfield,iteron,300.0,17,0.39189733036420116,193.33774538380857,0.979475385296089
meanfield,decoy,300.0,19,0.3909518767410791,192.5719143419195,1.0147340604713397
meanfield,iteron,300.0,19,0.3909518767410791,192.5719143419195,0.9770464028645751
meanfield,decoy,300.0,21,0.39000812492843384,191.80982937650288,1.0162303835798556
meanfield,iteron,300.0,21,0.39000812492843384,191.80982937650288,0.9746148824083508
meanfield,decoy,300.0,23,0.3890660912768118,191.05147990063332,1.0177162297819191
meanfield,iteron,300.0,23,0.3890660912768118,191.05147990063332,0.9721809590936431
meanfield,decoy,300.0,26,0.387656297588519,189.92093626269852,1.0199253250565876
meanfield,iteron,300.0,26,0.387656297588519,189.92093626269852,0.9685258632639212
meanfield,decoy,300.0,29,0.3862504595611035,188.798736672728,1.0221107761420547
meanfield,iteron,300.0,29,0.3862504595611035,188.798736672728,0.9648661163760073
meanfield,decoy,300.0,32,0.3848486296381574,187.68484385157896,1.024272550069302
meanfield,iteron,300.0,32,0.3848486296381574,187.68484385157896,0.9612021681060777
meanfield,decoy,300.0,36,0.3829858464730453,186.21250952697036,1.027118040923094
meanfield,iteron,300.0,36,0.3829858464730453,186.21250952697036,0.956311139903574
meanfield,decoy,300.0,40,0.3811303985715016,184.75478405713994,1.0299213535857301
meanfield,iteron,300.0,40,0.3811303985715016,184.75478405713994,0.9514144863878442
meanfield,decoy,300.0,45,0.3788215788771249,182.9530289505294,1.033366155648074
meanfield,iteron,300.0,45,0.3788215788771249,182.9530289505294,0.9452873409538967
meanfield,decoy,300.0,50,0.3765246170202008,181.17376914898995,1.0367450401216933
meanfield,iteron,300.0,50,0.3765246170202008,181.17376914898995,0.93915503282684
meanfield,decoy,300.0,55,0.37423972124828786,179.41681533134414,1.0400580721859523
meanfield,iteron,300.0,55,0.37423972124828786,179.41681533134414,0.933019535356304
meanfield,decoy,300.0,62,0.37106151643544694,176.99418598100232,1.0445859156312378
meanfield,iteron,300.0,62,0.37106151643544694,176.99418598100232,0.9244281691218544
meanfield,decoy,300.0,69,0.367907869663754,174.614356993201,1.0489854041693745
meanfield,iteron,300.0,69,0.367907869663754,174.614356993201,0.9158395592214418
meanfield,decoy,300.0,77,0.3643343941193216,171.94625165281224,1.053857078320683
meanfield,iteron,300.0,77,0.3643343941193216,171.94625165281224,0.9060338719751282
meanfield,decoy,300.0,86,0.3603541649885975,169.00954181098064,1.0591399419555807
meanfield,iteron,300.0,86,0.3603541649885975,169.00954181098064,0.8950237815181065
meanfield,decoy,300.0,96,0.3559822912815086,165.82570003697515,1.0647668137680204
meanfield,iteron,300.0,96,0.3559822912815086,165.82570003697515,0.8828285113461078
meanfield,decoy,300.0,107,0.3512359771799211,162.4177504417484,1.0706651765363897
meanfield,iteron,300.0,107,0.3512359771799211,162.4177504417484,0.8694751472467894
meanfield,decoy,300.0,119,0.3461345493062886,158.80998863255166,1.0767582518589305
meanfield,iteron,300.0,119,0.3461345493062886,158.80998863255166,0.8549998286886147
meanfield,decoy,300.0,133,0.34028533402437006,154.74205057475876,1.083427236538988
meanfield,iteron,300.0,133,0.34028533402437006,154.74205057475876,0.8382587611529363
meanfield,decoy,300.0,148,0.3341425712543546,150.54689945435553,1.0900631197145723
meanfield,iteron,300.0,148,0.3341425712543546,150.54689945435553,0.8205281144128541
meanfield,decoy,300.0,165,0.32733801334030055,145.98922779885044,1.096971025823952
meanfield,iteron,300.0,165,0.32733801334030055,145.98922779885044,0.8007297648887578
meanfield,decoy,300.0,185,0.31954824877276156,140.88357397703913,1.1043046094615045
meanfield,iteron,300.0,185,0.31954824877276156,140.88357397703913,0.7778919007012759
meanfield,decoy,300.0,206,0.3116205661692434,135.8061633691359,1.1111365420356616
meanfield,iteron,300.0,206,0.3116205661692434,135.8061633691359,0.7544959537655588
meanfield,decoy,300.0,230,0.30287483255457753,130.3387885124472,1.1179344098999324
meanfield,iteron,300.0,230,0.30287483255457753,130.3387885124472,0.7285510831136737
meanfield,decoy,300.0,256,0.29377476908364913,124.79365911458581,1.1241874435305694
meanfield,iteron,300.0,256,0.29377476908364913,124.79365911458581,0.7014573230442579
meanfield,decoy,300.0,286,0.2837492333996073,118.84771924771229,1.13011523853382
meanfield,iteron,300.0,286,0.2837492333996073,118.84771924771229,0.6715580929341444
meanfield,decoy,300.0,319,0.2732912073206469,112.82010486471364,1.1352380658536303
meanfield,iteron,300.0,319,0.2732912073206469,112.82010486471364,0.6403883881801063
meanfield,decoy,300.0,356,0.26224689554031505,106.6401051876478,1.1394929856957834
meanfield,iteron,300.0,356,0.26224689554031505,106.6401051876478,0.6075782592759262
meanfield,decoy,300.0,397,0.2508056659868001,100.43015060324035,1.142678769983936
meanfield,iteron,300.0,397,0.2508056659868001,100.43015060324035,0.5737970048030606
meanfield,decoy,300.0,442,0.2391498403280017,94.2957705750232,1.1446830731965285
meanfield,iteron,300.0,442,0.2391498403280017,94.2957705750232,0.5396938622562618
meanfield,decoy,300.0,493,0.22699063551379903,88.09361669169704,1.1454865323441012
meanfield,iteron,300.0,493,0.22699063551379903,88.09361669169704,0.5045502575291125
meanfield,decoy,300.0,550,0.21459906381364968,81.97051490249265,1.1450098726756488
meanfield,iteron,300.0,550,0.21459906381364968,81.97051490249265,0.4692852441583025
meanfield,decoy,300.0,614,0.2020296284043717,75.95380815971583,1.1432556886005305
meanfield,iteron,300.0,614,0.2020296284043717,75.95380815971583,0.43417311624734245
meanfield,decoy,300.0,685,0.18954433030159912,70.16213374340458,1.1403160716936955
meanfield,iteron,300.0,685,0.18954433030159912,70.16213374340458,0.40003504365963405
meanfield,decoy,300.0,764,0.17720873689369906,64.61252501321388,1.1363109750234186
meanfield,iteron,300.0,764,0.17720873689369906,64.61252501321388,0.3670996064824505
meanfield,decoy,300.0,852,0.1651080553097657,59.327936876079775,1.1313886810623184
meanfield,iteron,300.0,852,0.1651080553097657,59.327936876079775,0.33561478126188166
meanfield,decoy,300.0,951,0.15322328254473302,54.28465829995878,1.1256633300088579
meanfield,iteron,300.0,951,0.15322328254473302,54.28465829995878,0.3055312461516231
meanfield,decoy,300.0,1060,0.14188391552086058,49.603049547887736,1.119437914540051
meanfield,iteron,300.0,1060,0.14188391552086058,49.603049547887736,0.2776376717035714
meanfield,decoy,300.0,1183,0.130875082451235,45.17477746018892,1.112735480916064
meanfield,iteron,300.0,1183,0.130875082451235,45.17477746018892,0.2513378886121975
meanfield,decoy,300.0,1319,0.12047515894050263,41.093265357477094,1.105854090342019
meanfield,iteron,300.0,1319,0.12047515894050263,41.093265357477094,0.2272157779053801
meanfield,decoy,300.0,1472,0.11054098558603252,37.2836692173604,1.0988215464891484
meanfield,iteron,300.0,1472,0.11054098558603252,37.2836692173604,0.20484049534104876
meanfield,decoy,300.0,1642,0.10122544431738993,33.7878204308455,1.091851468275737
meanfield,iteron,300.0,1642,0.10122544431738993,33.7878204308455,0.18445640673627825
meanfield,decoy,300.0,1831,0.09252459254033785,30.58747105864154,1.0850389819486972
meanfield,iteron,300.0,1831,0.09252459254033785,30.58747105864154,0.16594299228926818
meanfield,decoy,300.0,2043,0.08436534660612972,27.641596883677266,1.0784059140355526
meanfield,iteron,300.0,2043,0.08436534660612972,27.641596883677266,0.1490443077637211
meanfield,decoy,300.0,2278,0.07683533363216959,24.969109985917157,1.0720903392740004
meanfield,iteron,300.0,2278,0.07683533363216959,24.969109985917157,0.13384570798085912
meanfield,decoy,300.0,2541,0.06984394877158867,22.526526171393243,1.0660722146473667
meanfield,iteron,300.0,2541,0.06984394877158867,22.526526171393243,0.12007451821924527
meanfield,decoy,300.0,2835,0.06338536499048249,20.302490251982363,1.0603902436396593
meanfield,iteron,300.0,2835,0.06338536499048249,20.302490251982363,0.10764281292395679
meanfield,decoy,300.0,3162,0.05746645799514914,18.29105981933958,1.0550869839191894
meanfield,iteron,300.0,3162,0.05746645799514914,18.29105981933958,0.09649329568736179
exact,decoy,30.0,50,0.8404082057734575,157.97958971132712,1.1525685216846782
exact,iteron,30.0,50,0.8404082057734575,157.97958971132712,0.9067410005373568
exact,decoy,30.0,150,0.7459833549395564,88.10249675906654,1.6041145550857996
exact,iteron,30.0,150,0.7459833549395564,88.10249675906654,0.702520325776961
exact,decoy,30.0,400,0.44086438440344894,23.654246238620487,1.575613847383988
exact,iteron,30.0,400,0.44086438440344894,23.654246238620487,0.18627941107366258
exact,decoy,30.0,1000,0.19283297144376638,7.167028556233902,1.1726178896223964
exact,iteron,30.0,1000,0.19283297144376638,7.167028556233902,0.035689382755981144
exact,decoy,100.0,50,0.6277186767309857,168.61406616345073,1.0538249267551363
exact,iteron,100.0,50,0.6277186767309857,168.61406616345073,0.8858846985084617
exact,decoy,100.0,150,0.5425728922436619,118.61406616345073,1.2157169301643536
exact,iteron,100.0,150,0.5425728922436619,118.61406616345073,0.7161841634909358
exact,decoy,100.0,400,0.3596117967977924,56.15528128088303,1.2850142018960038
exact,iteron,100.0,400,0.3596117967977924,56.15528128088303,0.366063904093379
exact,decoy,100.0,1000,0.17830094339716976,21.699056602830183,1.1336541174280206
exact,iteron,100.0,1000,0.17830094339716976,21.699056602830183,0.11839231809197229
exact,decoy,300.0,50,0.3765246170202008,181.17376914898995,0.9862229891697151
exact,iteron,300.0,50,0.3765246170202008,181.17376914898995,0.8916621867996373
exact,decoy,300.0,150,0.3333333333333333,150.0,1.03725137864633
exact,iteron,300.0,150,0.3333333333333333,150.0,0.7746437118576884
exact,decoy,300.0,400,0.25,100.0,1.0872815018448543
exact,iteron,300.0,400,0.25,100.0,0.54780769628066
exact,decoy,300.0,1000,0.14792027106038536,52.079728939614824,1.0692527831794678
exact,iteron,300.0,1000,0.14792027106038536,52.079728939614824,0.27627273292514554
