M,kd,beta,p,Ff,FT,mf,mT,eps_thin,eps_lna,thin_pred,lna_pred,CV2f,thin_err,lna_err,hybrid_pred,hyb_err
2,3.0,0.0,0.7162507903546917,4.862252054919023,4.532498948219004,9.999999999999734,11.432501580709117,0.6,0.9609405355698162,3.1194993689314026,4.843762142279265,0.4862252054919152,-0.451227071979423,-0.004787339711868177,4.394521431201382,-0.12110308106948431
3,3.0,0.0,0.7178653675523883,4.799674933451666,4.336730931460473,9.999999999999755,12.15359610265692,0.5,0.9427199542616785,2.6683654657302367,4.770879817046714,0.4799674933451784,-0.5609188957080927,-0.0075783104895224,4.1456028310899455,-0.17213896288953168
4,3.0,0.0,0.7193028740601645,4.740374945110423,4.1613530929828695,9.999999999999769,12.877211496240427,0.42857142857142855,0.925272666484402,2.3548656112783726,4.701090665937608,0.47403749451105326,-0.6377727818304658,-0.010502765030059091,3.9251136060429714,-0.217962463932445
5,3.0,0.0,0.7206020653368965,4.683913424687474,4.003435771061083,9.999999999999769,13.603010326684252,0.375,0.9085397026913401,2.126288414147906,4.63415881076536,0.4683913424687582,-0.6942684899704301,-0.013505912920940832,3.7287406424923724,-0.2592820927316266
7,3.0,0.0,0.722883354564466,4.578238526534348,3.730703748219231,9.999999999999789,15.06018348195105,0.3,0.8770190348233732,1.8192111244657694,4.508076139293493,0.45782385265344444,-0.7710574299642331,-0.019608079987001314,3.3948791656517976,-0.330710027324164
10,3.0,0.0,0.725733984035631,4.434541792460964,3.40384561358348,9.999999999999773,17.25733984035609,0.23076923076923078,0.8339976343753239,1.5547336031346493,4.335990537501296,0.4434541792461064,-0.8384839560396893,-0.02869414929700209,3.004801555132121,-0.41628267283490705
14,3.0,0.0,0.7288183250418074,4.264493515758691,3.0741269056134666,9.999999999999769,20.203456550585074,0.17647058823529413,0.7832699529899256,1.3660223951082588,4.1330798119597025,0.4264493515758789,-0.8878777386625647,-0.040255464795569296,2.624601283855,-0.5023420092542498
20,3.0,0.0,0.7324624937697631,4.044024838011681,2.722354705473921,9.999999999999762,24.64924987539503,0.13043478260869565,0.7184308664185219,1.224654961583555,3.8737234656740878,0.4044024838011777,-0.9261980524014722,-0.05594611785389758,2.2373927833336476,-0.5935010884661844
28,3.0,0.0,0.7361833370272098,3.7970734677883775,2.4078700661582437,9.99999999999974,30.613133436761615,0.0967741935483871,0.6477486039928005,1.1362454902733785,3.590994415971202,0.3797073467788476,-0.9512899851067885,-0.07367666748493396,1.911945869957254,-0.6739642771420223
39,3.0,0.0,0.7400243874829471,3.5192364453835134,2.1296836145987865,9.99999999999972,38.86095111183465,0.07142857142857142,0.5713259468217586,1.0806916867570562,3.2853037872870345,0.3519236445383612,-0.9679697842951887,-0.09285855582359459,1.6454175607196784,-0.7438042935976088
54,3.0,0.0,0.743862135238606,3.219121893748453,1.895632290756131,9.999999999999698,50.16855530288443,0.05263157894736842,0.4928854939749484,1.0471385416187438,2.9715419758997936,0.321912189374855,-0.9787580205704162,-0.11156661495077091,1.4414441640492501,-0.8010725930410338
74,3.0,0.0,0.7475315557057615,2.912535658893213,1.7089071521864958,9.999999999999611,65.31733512222596,0.03896103896103896,0.4172598442903409,1.0276197591760972,2.6690393771613636,0.29125356588933266,-0.9855585651186861,-0.12731594341763064,1.2957984879376463,-0.8453370076724085
103,3.0,0.0,0.7512163562663194,2.5878701040602596,1.5538312695927445,9.999999999999526,87.37528469543044,0.02830188679245283,0.3418837868830023,1.0156744698941342,2.367535147532009,0.2587870104060383,-0.9901286195551803,-0.13876132308609102,1.1893459317425885,-0.8807547725355985
144,3.0,0.0,0.754662277965463,2.272778435137614,1.434927717630963,9.9999999999993,118.67136802702598,0.02040816326530612,0.2727680449877244,1.0088760758700197,2.0910721799508973,0.22727784351377733,-0.9930262207270506,-0.14276346155021913,1.1186343832491707,-0.9067910172155424
200,3.0,0.0,0.7576669596296651,1.9934095037217157,1.3497132294763683,9.99999999999907,161.53339192593208,0.014778325123152709,0.21403400609163667,1.0051681758050695,1.8561360243665468,0.1993409503721901,-0.9947975373844247,-0.13818418169031665,1.074850523488071,-0.9246529017412753
277,3.0,0.0,0.7602237496925437,1.7565722643033066,1.289544238884806,9.999999999998757,220.58197866483331,0.010714285714285714,0.16530959275772245,1.0031022597023371,1.6612383710308898,0.1756572264303525,-0.9958995857385892,-0.12600765025427607,1.047864440215392,-0.9367351375754327
385,3.0,0.0,0.7623627154611355,1.562539088332464,1.24726691334815,9.999999999998346,303.50964545253555,0.007731958762886598,0.12539368109306717,1.0019118575774342,1.5015747243722686,0.15625390883327223,-0.99660137825604,-0.10837356056609715,1.031005708477245,-0.9448825706153943
535,3.0,0.0,0.7640724087709858,1.4123603003008594,1.2183813406535466,9.999999999997335,418.7787386924747,0.0055762081784386614,0.09394771605222765,1.0012177398177706,1.3757908642089105,0.14123603003012358,-0.9970469033588293,-0.08868321238797161,1.0205164281828243,-0.9502463545403003
744,3.0,0.0,0.7654047350527208,1.2994597431502617,1.1986741669742522,9.999999999996202,579.4611228792205,0.004016064257028112,0.0696413345225769,1.0007978882207802,1.2785653380903077,0.1299459743150755,-0.9973355743500393,-0.06977366920891825,1.0138359341232481,-0.9537970146581419
1033,3.0,0.0,0.7664135754393304,1.2167904578223363,1.185262457363555,9.999999999994529,801.7052234288228,0.0028957528957528956,0.0513000477474001,1.0005364742973848,1.2052001909896004,0.12167904578230021,-0.9975253786408604,-0.05346299347840455,1.009503972908551,-0.9561605570465662
1436,3.0,0.0,0.7671718312318411,1.1563745442490185,1.175977225989299,9.999999999992443,1111.6587496489165,0.0020847810979847115,0.03752384791262905,1.0003668739944183,1.150095391650516,0.11563745442498924,-0.9976538764913423,-0.040154570097439835,1.0066033426641088,-0.9577722659668105
1995,3.0,0.0,0.7677319154435591,1.1127227041777474,1.1695292573470555,9.999999999989425,1541.6251713098898,0.0015015015015015015,0.027341256033232307,1.000254548434455,1.1093650241329291,0.1112722704178924,-0.9977418175308006,-0.02978707855982332,1.0046351428302496,-0.9588801309899324
2,3.0,1.0,0.669748095655194,5.3228047338757305,4.99999999999281,8.66050380868909,9.999999999999478,0.6,0.9514031370118096,3.399999999995686,4.805612548047238,0.6146068232814997,-0.4448049015057177,-0.11964273606334974,4.805612548040398,-0.11964273606493203
3,3.0,1.0,0.6486353952695731,5.441125307881906,4.99999999999281,8.054093814190757,9.999999999999478,0.5,0.9217513245060449,2.999999999996405,4.68700529802418,0.6755726259725233,-0.549663686262827,-0.16980381267768974,4.687005298017553,-0.16980381267918188
4,3.0,1.0,0.6277858135368587,5.530571949054268,4.99999999999281,7.488856745852043,9.999999999999478,0.42857142857142855,0.8890391503192592,2.714285714282633,4.556156601277037,0.7385068424653152,-0.621618256246768,-0.21507557075230543,4.5561566012706445,-0.2150755707537163
5,3.0,1.0,0.6073144470477093,5.59187548988521,4.99999999999281,6.963427764760932,9.999999999999478,0.375,0.8537959060586172,2.499999999997304,4.415183624234469,0.8030348958573837,-0.6733360903836698,-0.2562551768319301,4.41518362422833,-0.25625517683326715
7,3.0,1.0,0.5678469472032883,5.635336423773412,4.99999999999281,6.02507136957646,9.999999999999478,0.3,0.7781465760419848,2.199999999997843,4.112586304167939,0.9353144681785828,-0.7411191140640061,-0.32850908335276185,4.1125863041623445,-0.3285090833539688
10,3.0,1.0,0.5131100264894949,5.529924481965999,4.99999999999281,4.868899735104529,9.999999999999478,0.23076923076923078,0.6608904722679176,1.9230769230752638,3.6435618890716706,1.13576470718744,-0.7962268627766073,-0.4164225254535904,3.643561889066919,-0.4164225254546393
14,3.0,1.0,0.4492580331322821,5.158485388769365,4.99999999999281,3.710387536147529,9.999999999999478,0.17647058823529413,0.5171746780911742,1.7058823529399079,3.068698712364697,1.390282103557675,-0.8302549397320831,-0.5025355342232201,3.0686987123609786,-0.5025355342241142
20,3.0,1.0,0.37205791280032074,4.359841225117122,4.99999999999281,2.558841743993062,9.999999999999478,0.13043478260869565,0.35384865356357953,1.5217391304338448,2.415394614254318,1.703833867550405,-0.8447131589036153,-0.578731696107164,2.415394614251774,-0.5787316961079212
28,3.0,1.0,0.2970181071562476,3.2951715021065078,4.99999999999281,1.683492999624545,9.999999999999478,0.0967741935483871,0.22357599524292646,1.3870967741928526,1.894303980971706,1.957341968657667,-0.8313429851156764,-0.6103541804388413,1.8943039809700983,-0.6103541804395417
39,3.0,1.0,0.22869173328923884,2.2818701314804217,4.99999999999281,1.0810224017191632,9.999999999999478,0.07142857142857142,0.13580165560296203,1.2857142857137722,1.5432066224118481,2.11084444489914,-0.7771113635483471,-0.5762389581661419,1.5432066224108718,-0.5762389581669036
54,3.0,1.0,0.1721105389106129,1.6342148775079617,4.99999999999281,0.706030898826381,9.999999999999478,0.05263157894736842,0.08404719548213421,1.2105263157890953,1.336188781928537,2.314650648044554,-0.6680520699603858,-0.4699134412463911,1.3361887819279326,-0.46991344124734413
74,3.0,1.0,0.12865608118185276,1.3311216405584008,4.99999999999281,0.47944999254237414,9.999999999999478,0.03896103896103896,0.05463740778034256,1.1558441558438757,1.2185496311213702,2.776351363569487,-0.529344697673455,-0.3399717676174535,1.2185496311209774,-0.3399717676186398
103,3.0,1.0,0.09391096176178193,1.187685947612318,4.99999999999281,0.3271709385359397,9.999999999999478,0.02830188679245283,0.03598600765922569,1.113207547169608,1.1439440306369026,3.630169454925016,-0.3968245965678362,-0.23305909436421002,1.143944030636644,-0.23305909436558825
144,3.0,1.0,0.06787552883981572,1.1153475725166913,4.99999999999281,0.2259238470660136,9.999999999999478,0.02040816326530612,0.02419771064880979,1.0816326530610778,1.096790842595239,4.936829763662768,-0.2922898048048195,-0.16087664019775494,1.0967908425950652,-0.16087664019926218
200,3.0,1.0,0.04920572284034413,1.075300232190364,4.99999999999281,0.15885543193065182,9.999999999999478,0.014778325123152709,0.016693931171238966,1.0591133004925046,1.0667757246849559,6.76904918592765,-0.21496522954853192,-0.1132069219103814,1.066775724684836,-0.11320692191197368
277,3.0,1.0,0.03569376599743088,1.0508769543729537,4.99999999999281,0.11282681871112447,9.999999999999478,0.010714285714285714,0.01169542565957464,1.0428571428570659,1.0467817026382986,9.31407059400975,-0.15763151734867153,-0.0804932564287324,1.0467817026382145,-0.08049325643038652
385,3.0,1.0,0.025765636305439626,1.034935486405659,4.99999999999281,0.08023002240522245,9.999999999999478,0.007731958762886598,0.008233440064497981,1.0309278350514908,1.032933760257992,12.899603606969594,-0.11471577374457487,-0.05729778954337894,1.0329337602579327,-0.05729778954507592
535,3.0,1.0,0.018584564929036186,1.0243300398091233,4.99999999999281,0.0572577629651176,9.999999999999478,0.0055762081784386614,0.005833569898698096,1.0223048327137145,1.0233342795947924,17.88980195459544,-0.08323895527081515,-0.04092719215188079,1.0233342795947504,-0.04092719215360574
744,3.0,1.0,0.01338584700055738,1.01709357001533,4.99999999999281,0.04092983158478852,9.999999999999478,0.004016064257028112,0.004148284179433966,1.0160642570280836,1.0165931367177359,24.849688616684425,-0.06021638465945911,-0.02927611359975646,1.0165931367177061,-0.029276113601497067
1033,3.0,1.0,0.009652124883356844,1.012110513333229,4.99999999999281,0.029354995491857862,9.999999999999478,0.0028957528957528956,0.0029640247036755874,1.0115830115829907,1.0118560988147023,34.478305868381284,-0.04355734028144298,-0.021007740260583718,1.011856098814681,-0.021007740262343866
1436,3.0,1.0,0.006949127491521855,1.008609741201272,4.99999999999281,0.021052922174094955,9.999999999999478,0.0020847810979847115,0.00211999330578931,1.0083391243919237,1.0084799732231573,47.908301415864194,-0.031431468498527626,-0.015072227501510826,1.008479973223142,-0.015072227503290403
1995,3.0,1.0,0.005004951841912657,1.0061453537052896,4.99999999999281,0.015121075383725986,9.999999999999478,0.0015015015015015015,0.0015197020729177835,1.0060060060059952,1.0060788082916712,66.53927238456536,-0.022675293559492604,-0.010828573392140495,1.0060788082916603,-0.010828573393910967
2,10.0,0.0,0.4573567453222639,4.8294269812853,4.786720950192037,9.99999999999969,10.914713490644218,0.8333333333333334,0.9527109437178968,4.155600791826698,4.8108437748715875,0.482942698128545,-0.1759600568836125,-0.004852738152347547,4.6076504900537865,-0.05791375375881347
3,10.0,0.0,0.45839090117080783,4.750345407021627,4.69164010253615,9.999999999999726,11.37517270351215,0.7692307692307693,0.9306822249457803,3.8397231557970386,4.722728899783121,0.4750345407021757,-0.24281023543049285,-0.0073637236684389595,4.435743824327412,-0.0838860287655635
4,10.0,0.0,0.4593617021094594,4.674893616872832,4.603268941271925,9.99999999999973,11.837446808437567,0.7142857142857143,0.9096371780554299,3.5737635294799466,4.63854871222172,0.4674893616872958,-0.29963590846199706,-0.009890056268360703,4.27766739151337,-0.10809189782682282
5,10.0,0.0,0.46027622438871507,4.602762243884547,4.520965669402039,9.999999999999769,12.301381121943345,0.6666666666666666,0.8895127252539741,3.347310446268026,4.558050901015896,0.46027622438846527,-0.3484692335020353,-0.012410295168532093,4.131943768115491,-0.13068263845837713
7,10.0,0.0,0.46195908948658804,4.467427252809892,4.37235277416353,9.999999999999762,13.233713626405878,0.5882352941176471,0.851798172321318,2.983736925978547,4.407192689285273,0.44674272528099984,-0.4278937144619285,-0.017371543548839297,3.8725639294552217,-0.17155754972872528
10,10.0,0.0,0.46418239783364196,4.283647956670615,4.182660962106056,9.999999999999783,14.641823978336202,0.5,0.8008218999327128,2.591330481053028,4.203287599730851,0.4283647956670708,-0.5153772566208578,-0.024472890516937018,3.5487445985154475,-0.22380698779302366
14,10.0,0.0,0.4667126769051502,4.067954953342077,3.9774627978806696,9.999999999999769,16.533977476671872,0.4166666666666667,0.7415928937255643,2.2406094991169456,3.966371574902257,0.4067954953342171,-0.5956233002164886,-0.033111104949295256,3.2080652522405404,-0.28028107132564495
20,10.0,0.0,0.4698311896345449,3.793247585379772,3.7420638894599385,9.999999999999755,19.396623792690654,0.3333333333333333,0.6674766782004501,1.914021296486646,3.6699067128018004,0.3793247585379865,-0.672774693775534,-0.04415679914074,2.830263696350126,-0.34475421873450507
28,10.0,0.0,0.4731154007467183,3.4944624418143024,3.516527295983642,9.999999999999755,23.247231220907867,0.2631578947368421,0.5889364016659556,1.662244025258853,3.3557456066638225,0.3494462441814388,-0.7345143329649888,-0.055609911308019844,2.482074530390763,-0.4058541409375549
39,10.0,0.0,0.47656342465372403,3.1719471229887364,3.3051533307413536,9.999999999999739,28.585973561494974,0.20408163265306123,0.5068788952927086,1.4704394552533375,3.0275155811708343,0.3171947122988819,-0.783401975916438,-0.06649864551912077,2.1684335737664853,-0.46203406086670895
54,10.0,0.0,0.48001807100038074,2.8419516680397736,3.1193657525169223,9.999999999999694,35.920975834020254,0.15625,0.42592269414936573,1.331150898830769,2.7036907765974627,0.28419516680398604,-0.8202173788939947,-0.07506217119662528,1.9026859711999053,-0.5099296106066918
74,10.0,0.0,0.4832850349597531,2.526185174042802,2.9669762750999564,9.999999999999655,45.76309258702139,0.11904761904761904,0.35113191595320836,1.2341638422738044,2.4045276638128334,0.25261851740428887,-0.8465691802957868,-0.07971346616328523,1.6906681481103527,-0.5474545554123023
103,10.0,0.0,0.486487025574869,2.2163272684236537,2.838732132529772,9.999999999999556,60.10816363421107,0.08849557522123894,0.27986751625302114,1.1627196577459975,2.1194700650120843,0.2216327268423752,-0.8662204967608098,-0.07963087396461577,1.514601394985728,-0.5769219285425989
144,10.0,0.0,0.48937419626603723,1.939768524621733,2.740184086368082,9.999999999999467,80.46988426230882,0.06493506493506493,0.2174681685169808,1.1129989666472782,1.8698726740679232,0.19397685246218366,-0.8797587238913311,-0.07437560284533229,1.3784346461448624,-0.5973107885293494
200,10.0,0.0,0.49178373398952857,1.7134935958189295,2.6697071732375885,9.9999999999993,108.35674679790503,0.047619047619047616,0.1667041790117882,1.0795098653922661,1.6668167160471528,0.17134935958190492,-0.8885626081885055,-0.06542018042671038,1.278347163504666,-0.6098813428238465
277,10.0,0.0,0.4937437158374731,1.5340185739800456,2.619837386447424,9.999999999998938,146.76700928697898,0.03484320557491289,0.12620023057781446,1.056440327053917,1.504800922311258,0.15340185739802087,-0.8943101798252694,-0.054712800438809106,1.2044238516682293,-0.617197113305149
385,10.0,0.0,0.49531656533774554,1.3937553101049462,2.584367971294089,9.99999999999855,200.69687765503062,0.02531645569620253,0.09412512817333388,1.040110581551749,1.3765005126933354,0.13937553101051484,-0.8981332301498143,-0.04382111674128786,1.149128838371781,-0.6212652006342867
535,10.0,0.0,0.49653091405745947,1.28807804155137,2.5595848727999777,9.999999999997936,275.6440390207388,0.01834862385321101,0.06956833332095512,1.0286162361981648,1.2782733332838205,0.12880780415516357,-0.9006649863208614,-0.03403490323229319,1.1084977202732682,-0.6233738618570797
744,10.0,0.0,0.4974526208218784,1.2094997830924001,2.542199465029107,9.999999999997215,380.10474989147474,0.013262599469496022,0.051021664941570545,1.0204535738067522,1.2040866597662823,0.1209499783092737,-0.9023694750188305,-0.025838324251297284,1.0786855843777845,-0.6244120962021229
1033,10.0,0.0,0.4981374912792477,1.1520569832134147,2.5300374497117453,9.999999999996174,524.576028491459,0.009587727708533078,0.03727915596136068,1.0146695824516947,1.1491166238454427,0.11520569832138554,-0.9035257563205389,-0.019337220204120098,1.0570385047145268,-0.6248873053434697
1436,10.0,0.0,0.4986455341843639,1.1099741780493722,2.5214147586972153,9.999999999994706,726.0549870887413,0.006915629322268326,0.02710046448484646,1.0105215405165782,1.108401857939386,0.11099741780499597,-0.9043271729491391,-0.014297175372207094,1.0412310466347952,-0.625084293730436
1995,10.0,0.0,0.49901740807618744,1.0794582250538722,2.5153117106885943,9.999999999992696,1005.5397291119866,0.004987531172069825,0.01965609407470577,1.0075576643924617,1.078624376298823,0.10794582250546607,-0.904885058943392,-0.010494177971932639,1.0297851095377983,-0.6251475600215812
2,10.0,1.0,0.4312792895836841,5.026040586628512,4.99999999999281,9.13744142083211,9.999999999999478,0.8333333333333334,0.9490491157089661,4.333333333327342,4.796196462835864,0.55004900772002,-0.17205669898158105,-0.057089370771873926,4.796196462829041,-0.05708937077356868
3,10.0,1.0,0.41990243876098193,5.0219442816919955,4.99999999999281,8.740292683716532,9.999999999999478,0.7692307692307693,0.9228434583155984,4.076923076917547,4.691373833262394,0.5745739260022781,-0.23496625974561902,-0.08219170263853925,4.691373833255758,-0.08219170264018905
4,10.0,1.0,0.4088723141129065,5.007635682156766,4.99999999999281,8.364510743547852,9.999999999999478,0.7142857142857143,0.8963934682416281,3.8571428571377218,4.5855738729665125,0.5986764600690501,-0.2870752025044079,-0.10531441544684395,4.585573872960067,-0.10531441544845233
5,10.0,1.0,0.3981886198096528,4.984020455808643,4.99999999999281,8.009056900951213,9.999999999999478,0.6666666666666666,0.8698661454691561,3.6666666666618735,4.479464581876624,0.6222980455060453,-0.33065939388591425,-0.12664490042875753,4.479464581870371,-0.12664490043032728
7,10.0,1.0,0.3778494972055885,4.912427614211298,4.99999999999281,7.355053519560359,9.999999999999478,0.5882352941176471,0.8171729368267446,3.352941176466359,4.2686917473069785,0.6678982826089528,-0.39859815733851334,-0.1645361730313033,4.268691747301103,-0.164536173032805
10,10.0,1.0,0.34983197473401717,4.756749611703736,4.99999999999281,6.501680252659306,9.999999999999478,0.5,0.7408329471503503,2.999999999996405,3.9633317886014012,0.7316185088859358,-0.46762488674634384,-0.21119795171616695,3.963331788596075,-0.21119795171758482
14,10.0,1.0,0.31680704755633765,4.490227208189618,4.99999999999281,5.56470133421075,9.999999999999478,0.4166666666666667,0.6474447947763271,2.666666666663671,3.5897791791053084,0.8069125256704318,-0.5224761692439583,-0.2579912353475041,3.5897791791006535,-0.25799123534883783
20,10.0,1.0,0.2753770498822853,4.038454312836914,4.99999999999281,4.492459002353773,9.999999999999478,0.3333333333333333,0.5295619313080492,2.3333333333309367,3.1182477252321967,0.8989407161469948,-0.5611803910633617,-0.3028535211857598,3.118247725228389,-0.3028535211870129
28,10.0,1.0,0.2322613009616902,3.4569339399270125,4.99999999999281,3.496683573072152,9.999999999999478,0.2631578947368421,0.4118818181432979,2.0526315789454763,2.6475272725731918,0.9886321903842686,-0.5715669998938813,-0.3294377004608702,2.64752727257023,-0.32943770046207554
39,10.0,1.0,0.1891777122276332,2.81675052308457,4.99999999999281,2.622069223121782,9.999999999999478,0.20408163265306123,0.3047408194353487,1.8163265306107776,2.218963277741395,1.0742472007398052,-0.5506666874520683,-0.32904201085805784,2.2189632777392037,-0.3290420108592639
54,10.0,1.0,0.14960241520874187,2.2461899011115496,4.99999999999281,1.9214695787274167,9.999999999999478,0.15625,0.21856160690684992,1.6249999999988765,1.8742464276273996,1.1689958175654251,-0.4984713008495716,-0.29846452226293274,1.8742464276258284,-0.2984645222641935
74,10.0,1.0,0.11619088549431264,1.8290843026250472,4.99999999999281,1.4018744734203432,9.999999999999478,0.11904761904761904,0.15574693734947948,1.4761904761896203,1.622987749397918,1.3047418562108364,-0.4256428753000078,-0.2485833498168838,1.6229877493967981,-0.2485833498182345
103,10.0,1.0,0.08736576607593503,1.5378933835506252,4.99999999999281,1.0013260941781694,9.999999999999478,0.08849557522123894,0.10867649506496663,1.3539823008843195,1.4347059802598665,1.535856692931626,-0.34190991800700676,-0.1918361639059778,1.4347059802590851,-0.1918361639074304
144,10.0,1.0,0.06450448210576015,1.352835073483746,4.99999999999281,0.7113545767700147,9.999999999999478,0.06493506493506493,0.0756692509353615,1.2597402597397929,1.302677003741446,1.901773205180524,-0.26384795826779306,-0.142157266983297,1.302677003740902,-0.14215726698483877
200,10.0,1.0,0.047454110960318194,1.2380956099055764,4.99999999999281,0.5091778079358384,9.999999999999478,0.047619047619047616,0.053319161340982385,1.190476190475848,1.2132766453639294,2.431558466628202,-0.20000124928222407,-0.10423948829417584,1.2132766453635462,-0.10423948829578555
277,10.0,1.0,0.03478003201088859,1.1639140848442258,4.99999999999281,0.36593113298333824,9.999999999999478,0.03484320557491289,0.037861759478252245,1.139372822299401,1.151447037913009,3.1806916108917735,-0.14972027918251962,-0.07605842379600658,1.1514470379127368,-0.07605842379766736
385,10.0,1.0,0.02529263876492162,1.1138549247780232,4.99999999999281,0.26233407550465426,9.999999999999478,0.02531645569620253,0.02689582831271864,1.1012658227846281,1.1075833132508746,4.245940687023945,-0.11057143130118718,-0.055084235832363326,1.1075833132506812,-0.05508423583406197
535,10.0,1.0,0.018339672064189523,1.0798697374714528,4.99999999999281,0.18827544565808485,9.999999999999478,0.01834862385321101,0.01917254260351867,1.0733944954127121,1.0766901704140748,5.73558455111845,-0.0810725346512503,-0.03980940914591635,1.0766901704139369,-0.03980940914764275
744,10.0,1.0,0.013259250794837378,1.0563818977123798,4.99999999999281,0.13511740864047006,9.999999999999478,0.013262599469496022,0.013690818068211921,1.0530503978778887,1.0547632722728477,7.818251610518043,-0.05908811107221046,-0.028708246887842126,1.0547632722727494,-0.02870824688958684
1033,10.0,1.0,0.009586471263433557,1.0400727964508927,4.99999999999281,0.0971751848726129,9.999999999999478,0.009587727708533078,0.009810654112711734,1.0383509108340634,1.039242616450847,10.70306990220112,-0.0429689407610816,-0.02071679726826625,1.0392426164507764,-0.020716797270028287
1436,10.0,1.0,0.006915160176535054,1.0285511955441824,4.99999999999281,0.06982998649513952,9.999999999999478,0.006915629322268326,0.0070312815573090335,1.0276625172890237,1.0281251262292361,14.729362658773736,-0.031125780837565675,-0.014922993830045805,1.0281251262291855,-0.014922993831818943
1995,10.0,1.0,0.004987355828755274,1.0204096783084577,4.99999999999281,0.05022512163270494,9.999999999999478,0.004987531172069825,0.005047559702974182,1.0199501246882434,1.0201902388118966,20.316718907535723,-0.02251645583379369,-0.010751737153553154,1.0201902388118604,-0.010751737155326513
2,30.0,0.0,0.2338116350940097,4.870493080747326,4.936741671677046,9.999999999999641,10.467623270187662,0.9375,0.9654105460508061,4.69069531719723,4.861642184203225,0.48704930807475005,-0.046453451743512675,-0.002286762011829313,4.8005719269147,-0.018065179907032713
3,30.0,0.0,0.23406402105995208,4.808768252714972,4.907114078391956,9.999999999999655,10.70219206317951,0.9090909090909091,0.9489616028418961,4.551921889447232,4.7958464113675845,0.48087682527151376,-0.06743554509641125,-0.003392656231624658,4.707701238316968,-0.026535354133442324
4,30.0,0.0,0.23430835973960798,4.748933755829854,4.87871971949937,9.999999999999687,10.93723343895812,0.8823529411764706,0.933041942291009,4.422399752499444,4.732167769164036,0.4748933755830002,-0.08710049966143762,-0.004472201366520712,4.61900818068413,-0.03465667403263151
5,30.0,0.0,0.23454505723861,4.690901144768826,4.851489326653068,9.999999999999703,11.172725286192753,0.8571428571428571,0.9176274835495024,4.301276565702629,4.67050993419801,0.46909011447689647,-0.10556353686644182,-0.005524724117771829,4.534232458734422,-0.04244727232980827
7,30.0,0.0,0.2349970108695831,4.5799163043454065,4.8002668534193,9.999999999999737,11.64497907608682,0.8108108108108109,0.8882245829391279,4.0812974487183515,4.552898331756511,0.4579916304345527,-0.13928226618645156,-0.0075470961586728835,4.375490440935749,-0.057103531488018056
10,30.0,0.0,0.2356262549091288,4.425050196362627,4.730686338744683,9.99999999999974,12.356262549091031,0.75,0.8473811309312782,3.7980147540585127,4.389524523725113,0.4425050196362742,-0.18307335844888362,-0.010372307149028703,4.16131320887534,-0.07700237145936539
14,30.0,0.0,0.23638602935783007,4.237617644036259,4.64945661723143,9.999999999999767,13.309404411009389,0.6818181818181818,0.7982688777676279,3.488265875385066,4.193075511070512,0.4237617644036358,-0.2314515952899845,-0.01375768786280085,3.9132476382989774,-0.10018786694431825
20,30.0,0.0,0.2373845658058033,3.990765264462257,4.547498801366338,9.999999999999769,14.747691316115837,0.6,0.7341786694968195,3.1284992808198027,3.936714677987278,0.3990765264462349,-0.2883094818200287,-0.018072493725012295,3.6044979500287,-0.12915333711521104
28,30.0,0.0,0.23850749820149858,3.7128397985660735,4.439559477627751,9.999999999999753,16.67820994964171,0.5172413793103449,0.6628922992395184,2.779082488428147,3.6515691969580737,0.3712839798566165,-0.3441992080149675,-0.022585410918988136,3.2800574904957367,-0.15953109663869303
39,30.0,0.0,0.23976125087569755,3.4027551366072286,4.327662179929011,9.999999999999758,19.350688784151963,0.43478260869565216,0.5844960342127765,2.4468096434473963,3.337984136851106,0.34027551366073105,-0.3978538963856548,-0.02695697067474856,2.94500534736835,-0.1905103779677011
54,30.0,0.0,0.2410895940958865,3.0753523247102814,4.21917449752032,9.999999999999734,23.018838081177606,0.35714285714285715,0.5030147764931006,2.1497051776858287,3.0120591059724022,0.30753523247103637,-0.4460192787524272,-0.030497577680799304,2.619292340362473,-0.21975063169646347
74,30.0,0.0,0.24240770211882007,2.752679827170063,4.121803433005575,9.999999999999725,27.938169956792407,0.28846153846153844,0.4239116812027534,1.9005202210593004,2.695646724811014,0.2752679827170139,-0.4862038079634252,-0.03254051394608504,2.3233689416699206,-0.24494541378576984
103,30.0,0.0,0.24375396103453398,2.4266319462284582,4.032855114123826,9.999999999999673,35.10665798655667,0.22556390977443608,0.34498448688841094,1.6841026573211635,2.3799379475536435,0.24266319462285377,-0.5204771215661446,-0.03273023487120008,2.046287965352901,-0.26660273652294164
144,30.0,0.0,0.24501134621627566,2.126535420577301,3.959202984743559,9.999999999999599,45.2816338551433,0.1724137931034483,0.272946374864669,1.5102074111626826,2.091785499458676,0.21265354205773862,-0.5471004268101723,-0.030846718606341916,1.807703727174463,-0.2830196792564681
200,30.0,0.0,0.2460913754699662,1.8731003759788774,3.903015319633267,9.999999999999531,59.218275093992766,0.13043478260869565,0.2122868122097781,1.3786541721260783,1.8491472488391123,0.18731003759789652,-0.5663108360232352,-0.027434562850703115,1.6162718680010961,-0.29415690915244164
277,30.0,0.0,0.2469906876412769,1.6656819065456465,3.8610506468249257,9.999999999999417,78.41642047663314,0.09771986970684039,0.16255351615650043,1.279581496432403,1.6502140646260017,0.16656819065457434,-0.5800073673577729,-0.023236085835516285,1.4650738425432217,-0.3013572428961142
385,30.0,0.0,0.24772643722501403,1.4987133265482806,3.829854049123614,9.999999999999197,105.37467833162961,0.07228915662650602,0.12232737759004246,1.2045677625872493,1.48930951036017,0.1498713326548401,-0.5898089108564357,-0.01885615580637645,1.346168624791855,-0.3058765299339915
535,30.0,0.0,0.24830354560972526,1.369587604865144,3.8072838503671047,9.999999999998911,142.84239690120197,0.05309734513274336,0.09102729502919406,1.1490593194885188,1.3641091801167762,0.13695876048652933,-0.5966874496699967,-0.014823074898214994,1.2555394552780583,-0.30858218210185884
744,30.0,0.0,0.248747138420586,1.2714839397612947,3.7910306428421334,9.999999999998536,195.06787098491452,0.03875968992248062,0.06709933766079926,1.1081794822807027,1.268397350643197,0.12714839397614808,-0.6015252969445605,-0.011369324906702394,1.187276307525702,-0.3101753728402247
1033,30.0,0.0,0.24907999577449186,1.1985425403647023,3.7794410633778948,9.999999999997964,267.29963563504805,0.028222013170272814,0.04920982710831556,1.078441422296648,1.1968393084332623,0.11985425403649463,-0.6049137774073041,-0.008578675020030513,1.136775814186579,-0.3111007145605382
1436,30.0,0.0,0.24932876229028522,1.14441059574222,3.7711104429668745,9.999999999997028,368.0361026488466,0.020463847203274217,0.03587219970851317,1.0567075806882718,1.1434887988340527,0.114441059574256,-0.6073170365594391,-0.006383166715914879,1.0994058272244542,-0.3116445042446985
1995,30.0,0.0,0.2495118766048356,1.104775307262011,3.7651558032647685,9.999999999996065,507.77619382664307,0.014814814814814815,0.02607051249548097,1.0409652711594781,1.104282049981924,0.11047753072624455,-0.6090178857024346,-0.004707762668293647,1.072089028920966,-0.311965473499464
2,30.0,1.0,0.22528320591066736,4.929063331592315,4.99999999999281,9.549433588178143,9.999999999999478,0.9375,0.9647359151362677,4.74999999999326,4.858943660545071,0.5161628997236358,-0.045574050730937676,-0.017846408960485394,4.858943660538134,-0.01784640896225087
3,30.0,1.0,0.22144094839430964,4.891412784643623,4.99999999999281,9.33567715481655,9.999999999999478,0.9090909090909091,0.9475063180384068,4.6363636363571,4.790025272153628,0.5239483653438036,-0.06554153013347841,-0.026054165440914656,4.790025272146815,-0.026054165442665256
4,30.0,1.0,0.2176992502467996,4.852535960217082,4.99999999999281,9.129202999012278,9.999999999999478,0.8823529411764706,0.9305611195930292,4.529411764699539,4.722244478372117,0.5315399340711447,-0.08387311600832825,-0.033819666627491696,4.722244478365426,-0.03381966662922842
5,30.0,1.0,0.21405527973502353,4.812590908369461,4.99999999999281,8.92972360132436,9.999999999999478,0.8571428571428571,0.9139098814226461,4.428571428565266,4.655639525690584,0.5389406350332847,-0.10072401918632001,-0.0411665941746685,4.6556395256840135,-0.04116659417639201
7,30.0,1.0,0.20704943615174679,4.730077368799642,4.99999999999281,8.55065394693725,9.999999999999478,0.8108108108108109,0.8815185574298736,4.243243243237414,4.5260742297194945,0.5531831130289051,-0.1305158251231915,-0.05469139615884078,4.526074229713156,-0.05469139616053997
10,30.0,1.0,0.19720576177692975,4.601676756039137,4.99999999999281,8.02794238223018,9.999999999999478,0.75,0.8352783054733702,3.999999999994608,4.341113221893481,0.5732074966338736,-0.1670546239430465,-0.07234506364535742,4.3411132218874755,-0.07234506364702498
14,30.0,1.0,0.18521614184329635,4.426319689831784,4.99999999999281,7.406974014193329,9.999999999999478,0.6818181818181818,0.7780655778399505,3.7272727272678248,4.112262311359801,0.5975881218632628,-0.20402269077182322,-0.09166026725527221,4.112262311354208,-0.09166026725690479
20,30.0,1.0,0.1693660046092711,4.164662133050007,4.99999999999281,6.612679907814056,9.999999999999478,0.6,0.7015136068573739,3.399999999995686,3.8060544274294954,0.6297994445684146,-0.2416252038625566,-0.11331626901823366,3.8060544274244514,-0.1133162690198275
28,30.0,1.0,0.15155340769139217,3.834925644792516,4.99999999999281,5.756504584640497,9.999999999999478,0.5172413793103449,0.6152159951940295,3.0689655172376606,3.460863980776118,0.6661899749067973,-0.27018702552634843,-0.13194761023221657,3.4608639807716948,-0.13194761023377677
39,30.0,1.0,0.13188669320695373,3.4365721074297553,4.99999999999281,4.856418964928284,9.999999999999478,0.43478260869565216,0.5209838740308448,2.739130434779483,3.083935496123379,0.7076350150692783,-0.28623888064859127,-0.1447265238861979,3.0839354961196332,-0.14472652388773533
54,30.0,1.0,0.11155486845679519,3.001971466054737,4.99999999999281,3.976037103332538,9.999999999999478,0.35714285714285715,0.42624765452792573,2.428571428568861,2.7049906181117027,0.755015958864825,-0.28641768736887596,-0.1483441961979065,2.7049906181086385,-0.14834419619943706
74,30.0,1.0,0.09212998983677978,2.5829106930408763,4.99999999999281,3.1823807520777754,9.999999999999478,0.28846153846153844,0.3395664907060089,2.15384615384408,2.358265962824036,0.8116284298648095,-0.2710604843868576,-0.14191876471898923,2.3582659628215943,-0.14191876472053178
103,30.0,1.0,0.07325433722080107,2.189589330146753,4.99999999999281,2.454803266256966,9.999999999999478,0.22556390977443608,0.25984228760592304,1.9022556390961225,2.039369150423692,0.8919612256689694,-0.24154023894547172,-0.1262790241271995,2.039369150421824,-0.12627902412876968
144,30.0,1.0,0.056612541618425945,1.8661465576819318,4.99999999999281,1.8477940069461425,9.999999999999478,0.1724137931034483,0.1937199056206628,1.6896551724125535,1.774879622482651,1.0099321410648585,-0.20376619141883134,-0.10537123814650773,1.7748796224812584,-0.10537123814811566
200,30.0,1.0,0.04311040701604263,1.625103043397768,4.99999999999281,1.3779185967909526,9.999999999999478,0.13043478260869565,0.14311132834181814,1.5217391304338448,1.5724453133672727,1.179389731136865,-0.16535499875682147,-0.08423847969811915,1.5724453133662437,-0.08423847969976517
277,30.0,1.0,0.032420440460425394,1.4494152023337539,4.99999999999281,1.019537992461644,9.999999999999478,0.09771986970684039,0.1050112061180307,1.390879478826659,1.4200448244721229,1.4216392258558057,-0.13024865025287669,-0.06535243514041023,1.420044824471368,-0.0653524351420901
385,30.0,1.0,0.024035201668979756,1.3212582215592987,4.99999999999281,0.746447357442271,9.999999999999478,0.07228915662650602,0.07634268097600039,1.2891566265055043,1.3053707239040016,1.7700621596232022,-0.09992458682608063,-0.04945397997344203,1.3053707239034527,-0.049453979975150664
535,30.0,1.0,0.017675100528428155,1.229693691068642,4.99999999999281,0.543821217290414,9.999999999999478,0.05309734513274336,0.0553065086901966,1.2123893805305916,1.2212260347607864,2.2612094783568457,-0.07533646421694329,-0.03686499297590695,1.2212260347603887,-0.03686499297763823
744,30.0,1.0,0.012910627426824276,1.164242196224097,4.99999999999281,0.3944931944422164,9.999999999999478,0.03875968992248062,0.03994468595595722,1.1550387596896439,1.159778743823829,2.9512351863769095,-0.056035761491496694,-0.027176039427638576,1.1597787438235416,-0.027176039429388066
1033,30.0,1.0,0.009403780791228607,1.1177576297417962,4.99999999999281,0.28589444266032654,9.999999999999478,0.028222013170272814,0.028853014590128918,1.1128880526808884,1.1154120583605156,3.9096864539959344,-0.04135253971725761,-0.01991863615481748,1.1154120583603082,-0.01991863615657863
1436,30.0,1.0,0.006819932502540134,1.0844110775141473,4.99999999999281,0.2065769263518435,9.999999999999478,0.020463847203274217,0.02079659409438556,1.0818553888129498,1.0831863763775422,5.249429820962528,-0.030276697993449453,-0.014508772695145944,1.0831863763773928,-0.014508772696916306
1995,30.0,1.0,0.004937761149105615,1.060596735770758,4.99999999999281,0.14916650753377583,9.999999999999478,0.014814814814814815,0.014989561574123504,1.0592592592591528,1.059958246296494,7.110153299865967,-0.02207175839743214,-0.010536697499340275,1.0599582462963864,-0.010536697501117409
2,100.0,0.0,0.08811892603601496,4.93861637278661,4.989993644018904,9.999999999999567,10.176237852071598,0.9803921568627451,0.9841833893440866,4.911758474528337,4.936733557376346,0.4938616372786824,-0.006819120146822177,-0.0004780398068907621,4.926885468031887,-0.002978432943044673
3,100.0,0.0,0.08813932533672038,4.908597736105888,4.985132830680969,9.999999999999558,10.26441797600972,0.970873786407767,0.976456429178456,4.869061000661135,4.905825716713824,0.49085977361061045,-0.010115324756889255,-0.0007092107142304682,4.891308573648571,-0.004423367055045646
4,100.0,0.0,0.08815943616158986,4.879015191104714,4.98036364794562,9.999999999999607,10.352637744645966,0.9615384615384616,0.9688467896194066,4.827272738409251,4.8753871584776265,0.48790151911049057,-0.013339069363305978,-0.0009352973495456718,4.856362541829904,-0.005839793906132762
5,100.0,0.0,0.08817926450394747,4.849859547711738,4.975683735759571,9.999999999999584,10.440896322519322,0.9523809523809523,0.9613518844836267,4.786365462628162,4.845407537934507,0.4849859547711939,-0.016492571818967905,-0.0011564083629690414,4.822031051483368,-0.007228444540245738
7,100.0,0.0,0.08821809689842383,4.792793461174193,4.966582658976782,9.999999999999645,10.617526678288613,0.9345794392523364,0.9466962980762672,4.707086597174563,4.786785192305069,0.47927934611743633,-0.022597292701800997,-0.0015841276174484165,4.755149119266836,-0.009925228540048847
10,100.0,0.0,0.08827436755003883,4.7101804305000865,4.953545779523277,9.99999999999964,10.882743675500027,0.9090909090909091,0.9255128698888606,4.594132526839343,4.7020514795554424,0.4710180430500256,-0.03127823722715872,-0.002190985343413221,4.659057500643581,-0.013779095333542934
14,100.0,0.0,0.08834591967588157,4.605271630082468,4.937227641665892,9.999999999999702,11.236842875462045,0.8771929824561403,0.8986685714022462,4.4537084576016595,4.594674285608985,0.4605271630082605,-0.042039321313867783,-0.0029394025085540676,4.538262740021322,-0.018586363785192295
20,100.0,0.0,0.08844640855241233,4.458209881527962,4.914802072628649,9.999999999999723,11.768928171047968,0.8333333333333334,0.861143026872221,4.262335060523874,4.444572107488884,0.4458209881528086,-0.056640524350576205,-0.0039435935082839935,4.371204506429079,-0.02515907885279678
28,100.0,0.0,0.0885690020974175,4.279252646002361,4.888225135797479,9.999999999999746,12.479932058727435,0.78125,0.815641594683118,4.037675887341781,4.262566378732473,0.427925264600247,-0.07366823625348895,-0.005088436016124187,4.171398150248839,-0.032889962255578165
39,100.0,0.0,0.08871929749928438,4.0605786271912985,4.856820485532459,9.999999999999753,13.460052602471844,0.7194244604316546,0.7602782491908038,3.7746909967859414,4.041112996763215,0.40605786271913985,-0.0934096670039537,-0.006360114474806666,3.9322567261838435,-0.04192733356607681
54,100.0,0.0,0.08889616986684713,3.8043249009058955,4.821531345797345,9.99999999999978,14.800393172809525,0.6493506493506493,0.6957171911217616,3.481513860907367,3.7828687644870462,0.38043249009059793,-0.1151118545123817,-0.007651087936322298,3.658705053681894,-0.05192688164519066
74,100.0,0.0,0.0890925320208686,3.5213210649864153,4.784473785295673,9.999999999999753,16.592847369544028,0.5747126436781609,0.6247862487469374,3.174984934077973,3.49914499498775,0.35213210649865023,-0.1373629625032734,-0.008795416937027456,3.3644871797960065,-0.062203059883313094
103,100.0,0.0,0.08931845659952048,3.1978113272568045,4.744599769917444,9.999999999999762,19.199801029750372,0.49261083743842365,0.5441262146239181,2.8446304285307606,3.1765048584956723,0.3197811327256881,-0.16069664140227458,-0.009694403016716535,3.0375348980867733,-0.07292547234711
144,100.0,0.0,0.08955719955745263,2.8586040990061448,4.705668652440815,9.999999999999737,22.896236736272918,0.4098360655737705,0.45995439510327085,2.5187166608364,2.8398175804130834,0.285860409900622,-0.1828724247145983,-0.010107864608233208,2.704438583486568,-0.08294693614525761
200,100.0,0.0,0.08978797185105371,2.5335380723212713,4.67114843423301,9.999999999999712,27.957594370210455,0.3333333333333333,0.3795755211082272,2.2237161447443365,2.518302084432909,0.2533538072321344,-0.20203080260535455,-0.009935187240118548,2.393478079989647,-0.09133127821184095
277,100.0,0.0,0.09000168980563254,2.23514883776921,4.641878776949909,9.999999999999659,34.93046807615987,0.26525198938992045,0.305934981185613,1.9660155907028938,2.223739924742452,0.22351488377692863,-0.2178953975720005,-0.00923687306168186,2.114178115106454,-0.09794019875470239
385,100.0,0.0,0.09019353206043516,1.9696082759553373,4.617785537462751,9.99999999999962,44.72450984326716,0.20618556701030927,0.2404274782207352,1.7459351623634538,1.9617099128829407,0.1969608275955412,-0.23068399800063843,-0.008145931989508304,1.8698150535156164,-0.10292117436951165
535,100.0,0.0,0.09035620024019866,1.74623841359293,4.598946498506821,9.99999999999951,58.340567128505796,0.15748031496062992,0.18527886367008176,1.5667632281113104,1.741115454680327,0.1746238413593016,-0.24050649526000234,-0.006865043154154371,1.6668087176527635,-0.10644010612873
744,100.0,0.0,0.09048933166686726,1.5646903616884502,4.584596040830767,9.999999999999373,77.32406276014862,0.11848341232227488,0.1403864352231572,1.4247151707145458,1.5615457408926288,0.15646903616885482,-0.24787954686418257,-0.005568752380364472,1.5032286598872742,-0.1088414217260637
1033,100.0,0.0,0.09059424786051429,1.4224384391029141,4.573953471423466,9.999999999999165,103.58385803991041,0.088261253309797,0.10514617026359954,1.315441612658735,1.420584681054398,0.14224384391030329,-0.25328383153625067,-0.004388232407194437,1.3757875202204743,-0.11043246675540985
1436,100.0,0.0,0.0906756503806571,1.3125734130283522,4.56609520043989,9.999999999998796,140.2102339466224,0.06510416666666667,0.07787959634355293,1.2321676562786388,1.3115183853742116,0.13125734130285102,-0.25723799081536136,-0.0033752955631094483,1.27772605473294,-0.11148535621694489
1995,100.0,0.0,0.09073728353006863,1.2296870676780685,4.560374647255863,9.99999999999844,191.02088064248534,0.0477326968973747,0.0572752324223511,1.1699462838785615,1.2291009296894044,0.12296870676782602,-0.2600964190253855,-0.0025518980872077934,1.2039212854322259,-0.1121777664990532
2,100.0,1.0,0.08671296847220851,4.948224704332831,4.99999999999281,9.826574063055059,9.999999999999478,0.9803921568627451,0.9841373794363387,4.921568627443931,4.936549517745355,0.5035554276171037,-0.006751408261958081,-0.002957072472258959,4.936549517738279,-0.0029570724740511922
3,100.0,1.0,0.08604498240155663,4.922584917087129,4.99999999999281,9.741865052794807,9.999999999999478,0.970873786407767,0.976355108797558,4.883495145624088,4.905420435190232,0.5053021049265005,-0.00996530917476457,-0.00437580887596023,4.9054204351832125,-0.004375808877749687
4,100.0,1.0,0.08538619603596778,4.897114189757184,4.99999999999281,9.658455215855607,9.999999999999478,0.9615384615384616,0.9686704756254872,4.846153846146933,4.874681902501949,0.5070287204643178,-0.013076430694330399,-0.005756127781473275,4.874681902494984,-0.005756127783260512
5,100.0,1.0,0.08473643973863113,4.871815074902133,4.99999999999281,9.576317801306322,9.999999999999478,0.9523809523809523,0.9610821921689349,4.809523809516962,4.844328768675739,0.5087357349645978,-0.016088388567149003,-0.007099075161044133,4.844328768668829,-0.007099075162828927
7,100.0,1.0,0.08346335709726649,4.821740728660215,4.99999999999281,9.415756500318613,9.999999999999478,0.9345794392523364,0.9461895469138791,4.738317757002626,4.784758187655516,0.5120927594609159,-0.021828527255127073,-0.009676883815628146,4.7847581876487135,-0.009676883817408055
10,100.0,1.0,0.0816174246231771,4.7479671994011765,4.99999999999281,9.183825753767707,9.999999999999478,0.9090909090909091,0.924541318616778,4.6363636363571,4.698165274467112,0.5169923000175936,-0.029777091715719406,-0.013287716323136967,4.6981652744604645,-0.013287716324910437
14,100.0,1.0,0.07926875031479115,4.652159078060926,4.99999999999281,8.890237495592402,9.999999999999478,0.8771929824561403,0.8969138547159329,4.508771929818254,4.587655418863731,0.5232885038636337,-0.039260926257024376,-0.017661787950223218,4.587655418857283,-0.017661787951988805
20,100.0,1.0,0.07596890643989199,4.514028446999014,4.99999999999281,8.480621871201638,9.999999999999478,0.8333333333333334,0.8579652939879215,4.333333333327342,4.431861175951687,0.5322756415219597,-0.05142107310656119,-0.023382642538792964,4.431861175945517,-0.02338264254054856
28,100.0,1.0,0.07194396487447773,4.340314584805509,4.99999999999281,7.985568983514101,9.999999999999478,0.78125,0.8103002685253748,4.124999999994383,4.241201074101499,0.5435197659385225,-0.06445937331488283,-0.0296719090934906,4.241201074095674,-0.02967190909523454
39,100.0,1.0,0.06701621593270826,4.120521259503299,4.99999999999281,7.386367578623856,9.999999999999478,0.7194244604316546,0.751805056062084,3.8776978417214463,4.007220224248336,0.5578548881629023,-0.07781501793726076,-0.03630836832465534,4.00722022424293,-0.03630836832638762
54,100.0,1.0,0.061235961266017415,3.854064397795439,4.99999999999281,6.693258091634537,9.999999999999478,0.6493506493506493,0.683159203679184,3.5974025973979287,3.732636814716736,0.5758129068132574,-0.08992852459662903,-0.04254549517961015,3.7326368147118245,-0.042545495181331106
74,100.0,1.0,0.054856472720961925,3.551337981972864,4.99999999999281,5.940621018648295,9.999999999999478,0.5747126436781609,0.6075921592471191,3.2988505747085113,3.4303686369884763,0.5978058473726576,-0.09896274388119786,-0.047414080705546646,3.4303686369841078,-0.04741408070725883
103,100.0,1.0,0.04758553978182662,3.19875875188318,4.99999999999281,5.098689402471335,9.999999999999478,0.49261083743842365,0.5220446668631733,2.970443349750153,3.088178667452693,0.6273688195897443,-0.10383831420226564,-0.05029204970112244,3.0881786674489398,-0.05029204970282941
144,100.0,1.0,0.04000620734271309,2.827356200878967,4.99999999999281,4.239106142648793,9.999999999999478,0.4098360655737705,0.4339110274137608,2.6393442622921355,2.735644109655043,0.6669699001951156,-0.10288740558430653,-0.050188403979372076,2.7356441096519237,-0.050188403981079044
200,100.0,1.0,0.03280356525245697,2.475527958810566,4.99999999999281,3.4392869495080847,9.999999999999478,0.3333333333333333,0.35149335133135534,2.3333333333309367,2.4059734053254216,0.7197794179879746,-0.09636864190242356,-0.04713875672082346,2.4059734053228943,-0.04713875672253631
277,100.0,1.0,0.026257523609523735,2.160549167034578,4.99999999999281,2.7266659601614034,9.999999999999478,0.26525198938992045,0.2779753622648629,2.0610079575577744,2.1119014490594514,0.7923776504352906,-0.08577078188867282,-0.04191784317025604,2.111901449057453,-0.041917843171978
385,100.0,1.0,0.02049291617480519,1.889507428433192,4.99999999999281,2.110227272699479,9.999999999999478,0.20618556701030927,0.21449070851807128,1.8247422680397545,1.8579628340722851,0.8954047049235914,-0.0728101399979505,-0.03546299148560306,1.857962834070743,-0.03546299148733667
535,100.0,1.0,0.015692197993430506,1.6697457896780128,4.99999999999281,1.604674073514158,9.999999999999478,0.15748031496062992,0.16260964497222097,1.6299212598413875,1.6504385798888839,1.0405513600785925,-0.05946215780732478,-0.028827668776254756,1.6504385798877146,-0.02882766877800058
744,100.0,1.0,0.011824644268071895,1.4973290776656547,4.99999999999281,1.2024646645539867,9.999999999999478,0.11848341232227488,0.12151051268466868,1.4739336492882478,1.4860420507386747,1.245216696842429,-0.04704214860554612,-0.022695288560159566,1.4860420507378012,-0.02269528856191594
1033,100.0,1.0,0.008816363725526619,1.3663675036672647,4.99999999999281,0.8926962715304807,9.999999999999478,0.088261253309797,0.08999220427869331,1.3530450132385534,1.3599688171147732,1.5306073826484115,-0.03636373394298298,-0.017465213176501404,1.3599688171141262,-0.017465213178267436
1436,100.0,1.0,0.0065065111455184415,1.2677984112431284,4.99999999999281,0.6566499950349957,9.999999999999478,0.06510416666666667,0.0660666358323551,1.2604166666661987,1.2642665433294205,1.9307064963513203,-0.02756455702131866,-0.01318853199058545,1.2642665433289455,-0.013188531992359032
1995,100.0,1.0,0.004771734476031452,1.1949497117227426,4.99999999999281,0.4803897203167306,9.999999999999478,0.0477326968973747,0.04825818509114512,1.1909307875891555,1.1930327403645804,2.4874589550644175,-0.020615183772637602,-0.009833158208966575,1.1930327403642336,-0.009833158210745707
2,300.0,0.0,0.03186713927969785,4.975762635334965,4.998623281428986,9.999999999999542,10.06373427855894,0.9933774834437086,0.9938675144855652,4.97214233254535,4.97547005794226,0.49757626353351925,-0.0009105932928286098,-7.359025664765984e-05,4.974101782077941,-0.0004177445711327499
3,300.0,0.0,0.03186829550823433,4.963751482259382,4.997942781836142,9.999999999999526,10.095604886524228,0.9900990099009901,0.9908290722102011,4.958359189936774,4.9633162888408044,0.4963751482259618,-0.0013604012125237874,-0.00010979331588401031,4.961277937276175,-0.0006240413896476671
4,300.0,0.0,0.03186944504239585,4.951811185250665,4.997267447892856,9.99999999999952,10.127477780169102,0.9868421052631579,0.9878089426911757,4.944671823578476,4.951235770764702,0.4951811185250903,-0.001806604955933877,-0.00014560778817318543,4.948536531356897,-0.0008286463447417791
5,300.0,0.0,0.03187058793922942,4.9399411305748755,4.996597224925131,9.99999999999956,10.159352939695706,0.9836065573770492,0.9848069626888912,4.931079237631277,4.9392278507555645,0.49399411305750934,-0.0022492450140506604,-0.00018103819211301442,4.93587677416937,-0.0010315779527682034
7,300.0,0.0,0.03187285404592117,4.916409327959249,4.995271896862519,9.999999999999561,10.223109978321009,0.9771986970684039,0.9788568078155062,4.904174492048064,4.915427231262025,0.4916409327959465,-0.0031239931495006257,-0.0002507645690180693,4.910799095317848,-0.0014324939432018846
10,300.0,0.0,0.03187620481597998,4.881623492948716,4.993320911682817,9.999999999999583,10.318762048159384,0.967741935483871,0.9700637244454172,4.864504108080146,4.880254897781668,0.488162349294892,-0.004410367182615449,-0.00035258318317932247,4.873775756492803,-0.002021766528919944
14,300.0,0.0,0.031880584434962465,4.836173644768671,4.990786543999637,9.999999999999574,10.446328182089047,0.9554140127388535,0.9585798620514421,4.812853385986914,4.834319448205768,0.48361736447688775,-0.0060790414984364105,-0.0004833453160889567,4.825487614823924,-0.002785595995978718
20,300.0,0.0,0.031886971826110756,4.769922532184565,4.987122161792723,9.999999999999654,10.637739436521867,0.9375,0.941849828320706,4.737927026680677,4.767399313282824,0.476992253218473,-0.008487045882438204,-0.0006693025865120994,4.7552703235781575,-0.003886607345726323
28,300.0,0.0,0.0318951648870687,4.685003121972006,4.982477191831778,9.99999999999962,10.893064616837544,0.9146341463414634,0.9204221277019388,4.642509626675407,4.681688510807755,0.4685003121972184,-0.011531467922843652,-0.0008994866637934695,4.665560130430247,-0.005276248322784061
39,300.0,0.0,0.03190586595087243,4.574191934602055,4.976503983350626,9.999999999999702,11.244328772083726,0.8849557522123894,0.8924884028997814,4.519030073761616,4.569953611599125,0.4574191934602192,-0.015433379586141549,-0.001185812927923302,4.548983689225219,-0.007052851620192313
54,300.0,0.0,0.03191949478868305,4.433234276253485,4.969050173684223,9.999999999999723,11.723652718588607,0.847457627118644,0.8569982990649376,4.363601842105274,4.4279931962597505,0.4433234276253607,-0.020281876663598264,-0.0015265721975296076,4.401469247750774,-0.009252216990380924
74,300.0,0.0,0.031936127149395234,4.2614756807114755,4.960187000828889,9.999999999999721,12.363273409054967,0.8021390374331551,0.813815354922948,4.176620588900178,4.2552614196917915,0.4261475680711594,-0.02601739216181631,-0.0019053525545001948,4.222860989640807,-0.011839637897359534
103,300.0,0.0,0.03195756656851878,4.040510053280101,4.949140638690105,9.99999999999976,13.291629356557195,0.7444168734491315,0.7583549734998696,3.9398069270645943,4.033419893999478,0.4040510053280197,-0.03312047138501251,-0.002331897989606535,3.994850444401093,-0.015017088606482432
144,300.0,0.0,0.03198346946086647,3.774207673308803,4.9363629675498,9.999999999999755,14.605619602364527,0.6756756756756757,0.6916434848505237,3.659704707803919,3.766573939402095,0.37742076733088953,-0.04127411462614694,-0.0027516807700280754,3.722559800512693,-0.018617161682964234
200,300.0,0.0,0.032012447508505994,3.4771745527392532,4.922804871061684,9.999999999999769,16.402489501700966,0.6,0.6173780762844203,3.3536829226370104,3.4695123051376813,0.34771745527393333,-0.049851807966332484,-0.0030931399618565614,3.4218537249352163,-0.022332228361890527
277,300.0,0.0,0.03204362808324725,3.1586343508485695,4.909083345807641,9.999999999999753,18.876084979059243,0.5199306759098787,0.5378754979005386,3.032452346173817,3.1515019916021543,0.31586343508486475,-0.05845455235396857,-0.003304107174803117,3.102600150960988,-0.025958171130536445
385,300.0,0.0,0.032076093512393614,2.8281760704256294,4.895748561825878,9.999999999999721,22.34929600227126,0.43795620437956206,0.4555148973159102,2.706167253354399,2.822059589263641,0.2828176070425708,-0.06673800135827435,-0.003345674008611521,2.7745715061087193,-0.029321335720377317
535,300.0,0.0,0.03210775498483588,2.5071164235154324,4.883675432358447,9.999999999999718,27.177648916886916,0.3592814371257485,0.3755711520700452,2.3953324906677054,2.502284608280181,0.25071164235155036,-0.07417073499005788,-0.003205999987699104,2.458596456396993,-0.03219390775748021
744,300.0,0.0,0.03213711708506005,2.2104684498461444,4.87329645978171,9.999999999999677,33.91001511128435,0.28735632183908044,0.3017354359812889,2.1130162240752037,2.2069417439251557,0.22104684498462157,-0.08050786105439367,-0.0029135050330613144,2.168710795977017,-0.034497102237100785
1033,300.0,0.0,0.03216286004039777,1.9512670736949973,4.86483976221065,9.999999999999613,43.22423442173051,0.2250562640660165,0.23721613756803114,1.8698063980969204,1.9488645502721247,0.1951267073695073,-0.08563386440115073,-0.0025256034706852004,1.9168023607109583,-0.03623032262660797
1436,300.0,0.0,0.03218466175250668,1.732402574656075,4.8581444893412264,9.999999999999508,56.217174276599096,0.1728110599078341,0.18271618150248123,1.6667300384806267,1.730864726009925,0.173240257465616,-0.08966726558312144,-0.0020997313490768166,1.7049454287772692,-0.037489144398078045
1995,300.0,0.0,0.03220236310261696,1.555146081463532,4.853021268289525,9.999999999999405,74.24371438972024,0.13071895424836602,0.13855229346505318,1.5036629108875195,1.5542091738602126,0.15551460814636248,-0.09273805993602169,-0.001687677594426118,1.5338449334911417,-0.03837034734395339
2,300.0,1.0,0.0316714713286496,4.977116428098056,4.99999999999281,9.936657057342178,9.999999999999478,0.9933774834437086,0.9938650913900964,4.9735099337676925,4.9754603655603855,0.5008843919415005,-0.0009068113532920696,-0.0004163978016762382,4.975460365553239,-0.00041639780347313415
3,300.0,1.0,0.03157564503432329,4.965757514124672,4.99999999999281,9.905273064896509,9.999999999999478,0.9900990099009901,0.9908236681978605,4.960396039596842,4.9632946727914415,0.5013246461344834,-0.0013519420964933637,-0.0006210267078756715,4.963294672784318,-0.0006210267096719013
4,300.0,1.0,0.0314803733777291,4.954453437620241,4.99999999999281,9.87407850648856,9.999999999999478,0.9868421052631579,0.9877994198342562,4.947368421045536,4.9511976793370245,0.5017636262831532,-0.0017916550760979089,-0.0008233143554665645,4.951197679329923,-0.0008233143572624613
5,300.0,1.0,0.031385651751415646,4.943203891971374,4.99999999999281,9.843071741242401,9.999999999999478,0.9836065573770492,0.9847922134076625,4.934426229501124,4.93916885363065,0.5022013474979954,-0.0022260229779448304,-0.0010232892975529095,4.93916885362357,-0.0010232892993485843
7,300.0,1.0,0.03119784040321197,4.920867172040714,4.99999999999281,9.781615117176994,9.999999999999478,0.9771986970684039,0.9788284008898941,4.90879478826659,4.915313603559577,0.5030730726053033,-0.0030790086081495804,-0.0014164133181403527,4.915313603552539,-0.0014164133199353612
10,300.0,1.0,0.030920136195018034,4.887763469573358,4.99999999999281,9.690798638049298,9.999999999999478,0.967741935483871,0.9700072439082027,4.870967741928526,4.880028975632811,0.5043715850603244,-0.004320151618347978,-0.0019894456031285257,4.880028975625837,-0.001989445604922313
14,300.0,1.0,0.03055717192373935,4.844361813423348,4.99999999999281,9.572199593067127,9.999999999999478,0.9554140127388535,0.9584729106149602,4.821656050948545,4.833891642459841,0.5060865860895737,-0.0059062501337729945,-0.0027235134130582095,4.833891642452949,-0.0027235134148509976
20,300.0,1.0,0.030027842130176462,4.780799291739567,4.99999999999281,9.399443157395947,9.999999999999478,0.9375,0.9416424196345782,4.74999999999326,4.766569678538312,0.5086257996015219,-0.008146238234226999,-0.0037636521019097646,4.766569678531543,-0.0037636521037003323
28,300.0,1.0,0.02934895652639846,4.698826576599384,4.99999999999281,9.17822921726032,9.999999999999478,0.9146341463414634,0.9200418893331649,4.658536585359277,4.680167557332659,0.511953500547023,-0.010892641329820929,-0.005044578025033886,4.680167557326045,-0.005044578026822122
39,300.0,1.0,0.028462460797803794,4.591052983904329,4.99999999999281,8.88996402888513,9.999999999999478,0.8849557522123894,0.8918140318279391,4.539823008843195,4.567256127311756,0.5164309966820059,-0.01426600367378461,-0.006626707180104052,4.5672561273053445,-0.006626707181889513
54,300.0,1.0,0.02733390155929866,4.452716987018817,4.99999999999281,8.523969315797348,9.999999999999478,0.847457627118644,0.855849916043082,4.389830508468483,4.423399664172328,0.5223759990274321,-0.018213620979294798,-0.008491087730825742,4.423399664166174,-0.008491087732607872
74,300.0,1.0,0.025957627565178176,4.282428967939526,4.99999999999281,8.079135560176294,9.999999999999478,0.8021390374331551,0.8119620869782852,4.208556149726853,4.247848347913141,0.5300602937087096,-0.022505534448486575,-0.010535070328754781,4.247848347907302,-0.01053507033053358
103,300.0,1.0,0.02418575486936975,4.060902109666281,4.99999999999281,7.5088672484543935,9.999999999999478,0.7444168734491315,0.7554382346245848,3.977667493791174,4.02175293849834,0.5408142100930293,-0.027192838219900373,-0.012790076181890542,4.021752938492908,-0.012790076183665233
144,300.0,1.0,0.022049277099379077,3.7908969920621853,4.99999999999281,6.824904097688891,9.999999999999478,0.6756756756756757,0.687302113538107,3.7027027026978447,3.749208454152428,0.5554505877006963,-0.031600696699011444,-0.014937325894981868,3.7492084541474866,-0.01493732589675234
200,300.0,1.0,0.019666270131585156,3.4868590775998647,4.99999999999281,6.066745973682448,9.999999999999478,0.6,0.6114039559161561,3.399999999995686,3.4456158236646246,0.5747494773517572,-0.03492722140412108,-0.016584475697370427,3.4456158236602286,-0.016584475699138124
277,300.0,1.0,0.017112547139724363,3.158838441938099,4.99999999999281,5.259824442295829,9.999999999999478,0.5199306759098787,0.530283920610733,3.0797227036357766,3.121135682442932,0.6005596720181247,-0.03664736404790714,-0.01746437286030489,3.1211356824391197,-0.01746437286207092
385,300.0,1.0,0.01446736363343794,2.8180636220759028,4.99999999999281,4.430065001125872,9.999999999999478,0.43795620437956206,0.4466053476082892,2.751824817515099,2.7864213904331567,0.6361224093460729,-0.036433710985961376,-0.017404358823601696,2.786421390429946,-0.017404358825367727
535,300.0,1.0,0.011903418852234803,2.4881757840993246,4.99999999999281,3.631670914053859,9.999999999999478,0.3592814371257485,0.3659411038629538,2.437125748500411,2.4637644154518155,0.6851325031876013,-0.034303767165389076,-0.01640355185747322,2.4637644154491842,-0.01640355185924136
744,300.0,1.0,0.009541337972286549,2.1858036645665693,4.99999999999281,2.901244548618286,9.999999999999478,0.28735632183908044,0.2921029153727585,2.149425287354256,2.1684116614910343,0.7534020755360162,-0.030678246576013368,-0.014666848817584066,2.1684116614889337,-0.014666848819355427
1033,300.0,1.0,0.00748400077946586,1.9244730060043973,4.99999999999281,2.2690271948112444,9.999999999999478,0.2250562640660165,0.228223187038441,1.9002250562624479,1.912892748153764,0.8481489381904435,-0.02622894295935141,-0.012526334220058444,1.9128927481521232,-0.012526334221833468
1436,300.0,1.0,0.005752282135563473,1.7064735072873431,4.99999999999281,1.7397228533303313,9.999999999999478,0.1728110599078341,0.1748028689376817,1.691244239630094,1.6992114757507268,0.9808881363032398,-0.021556742751366875,-0.0102792694442293,1.69921147574947,-0.01027926944600821
1995,300.0,1.0,0.004353802326554928,1.5320092269859273,4.99999999999281,1.3141643585223952,9.999999999999478,0.13071895424836602,0.13191529214834546,1.5228758169925243,1.5276611685933819,1.165766836583873,-0.017167766140350538,-0.008172900340806533,1.5276611685924335,-0.008172900342589107
2,1000.0,0.0,0.009862540206606124,4.9922331217281695,4.999865214042653,9.999999999999531,10.01972508041274,0.998003992015968,0.9980507528836194,4.991881451140372,4.992203011534478,0.49922331217284033,-8.808869048326784e-05,-7.542193247056517e-06,4.992068488308269,-4.123842843850589e-05
3,1000.0,0.0,0.00986257722365035,4.988360898759839,4.999798071295517,9.999999999999538,10.029587731670489,0.9970089730807578,0.9970789654014558,4.9878345675927385,4.988315861605823,0.49883608987600697,-0.00013196678546922858,-1.129214611195195e-05,4.988114522742073,-6.177375218041625e-05
4,1000.0,0.0,0.009862614169995555,4.984496124671952,4.999731094588562,9.999999999999519,10.0394504566795,0.9960159362549801,0.9961090613355863,4.9837959109447825,4.984436245342345,0.49844961246721914,-0.00017573457352204613,-1.5028080774359687e-05,4.984168386225369,-8.225342335088648e-05
5,1000.0,0.0,0.009862651045842727,4.980638778144348,4.999664283341235,9.999999999999506,10.04931325522872,0.9950248756218906,0.9951410352365251,4.97976545606093,4.9805641409461,0.4980638778144594,-0.00021939244731594698,-1.875005555829201e-05,4.980230055522751,-0.00010267764657290179
7,1000.0,0.0,0.00986272458684308,4.972946282891911,4.999531154915522,9.999999999999515,10.069039072107415,0.9930486593843099,0.9932105952454087,4.9717290515546395,4.972842380981635,0.49729462828921517,-0.00030638001387361946,-2.6152357187392283e-05,4.972376719076203,-0.00014336056295571886
10,1000.0,0.0,0.00986283437458913,4.96146271832897,4.999332688854819,9.999999999999513,10.098628343745405,0.9900990099009901,0.9903288849704961,4.959735335499821,4.961315539881984,0.49614627183292115,-0.0004360467211155239,-3.7152551330188466e-05,4.96065468237965,-0.0002039741395473138
14,1000.0,0.0,0.009862979788843299,4.946253421418491,4.999070333255653,9.99999999999951,10.138081717043317,0.9861932938856016,0.9865124199653279,4.943856344433582,4.946049679861312,0.4946253421418733,-0.0006074310818200424,-5.1629111316953136e-05,4.945132552071584,-0.0002840337979368446
20,1000.0,0.0,0.009863195858157828,4.923655633473728,4.998681582737065,9.999999999999558,10.197263917162713,0.9803921568627451,0.9808423573011649,4.920276061506927,4.9233694292046595,0.4923655633473945,-0.0008613324619950458,-7.294326918672045e-05,4.922076269708576,-0.00040252354250402966
28,1000.0,0.0,0.00986348018401144,4.893921960379487,4.9981719938283256,9.999999999999552,10.276177445151873,0.9727626459143969,0.973382526359019,4.889272367537282,4.893530105436076,0.48939219603797063,-0.0011940642081466057,-0.00010063245935532095,4.891750756170492,-0.0005575880130848088
39,1000.0,0.0,0.009863864264759293,4.8537613388828325,4.997487168874091,9.999999999999577,10.38469070632519,0.9624639076034649,0.9633079684838038,4.8474371211492695,4.853231873935215,0.48537613388830375,-0.0016410506976013428,-0.00013738913779515194,4.850811243688174,-0.0007655106103466869
54,1000.0,0.0,0.00986437559145132,4.800304475772282,4.996581795799904,9.999999999999613,10.532676281937983,0.9487666034155597,0.9499001963731377,4.791823335673533,4.799600785492551,0.4800304475772467,-0.0022317001579261753,-0.0001851668160319786,4.796353832651636,-0.001039559631558884
74,1000.0,0.0,0.009865035981361693,4.731278924695002,4.995423191816858,9.999999999999622,10.730012662620386,0.931098696461825,0.9325912713284058,4.720133325714021,4.730365085313624,0.47312789246951803,-0.0029870720484644897,-0.0002449131785163816,4.726096793951481,-0.0013888349941421074
103,1000.0,0.0,0.009865952558809664,4.635504469295968,4.99383512424001,9.999999999999662,11.016193113557057,0.9066183136899365,0.9085814921857359,4.620884065494116,4.634325968742944,0.46355044692961245,-0.004021561223574444,-0.0003241642426731195,4.628724676725792,-0.0018648835746004622
144,1000.0,0.0,0.009867171875530007,4.508147757708839,4.991758560494749,9.999999999999702,11.420872750076022,0.8741258741258742,0.8766660020319159,4.489299440991914,4.506664008127664,0.45081477577089735,-0.005372726013466056,-0.0004229438677190167,4.499439018305607,-0.0024824323274568183
200,1000.0,0.0,0.009868707060460662,4.347882621307671,4.989202557110088,9.999999999999716,11.973741412091847,0.8333333333333334,0.8365216564163087,4.324335464258407,4.346086625665235,0.4347882621307795,-0.007033447618323807,-0.0005364571717675348,4.337054330853905,-0.0032343698028267642
277,1000.0,0.0,0.009870604708554519,4.149907931234093,4.986133180162886,9.999999999999735,12.734157504269337,0.7830853563038371,0.786957302313021,4.121482521662401,4.147829209252084,0.41499079312342024,-0.009024203307604561,-0.0006599310289030491,4.136916614121408,-0.004124348202010797
385,1000.0,0.0,0.009872920441108256,3.908511352501461,4.982522491822628,9.999999999999755,13.801074369826434,0.7220216606498195,0.7265569146826112,3.8754675031210315,3.9062276587304448,0.3908511352501557,-0.011361086609481652,-0.0007851761586050721,3.8935292543127535,-0.005151122472264791
535,1000.0,0.0,0.009875608933116627,3.628528700966893,4.978516548300491,9.999999999999762,15.283450779217157,0.6514657980456026,0.6565439199497578,3.5918674581762158,3.626175679799031,0.362852870096698,-0.013947438647784915,-0.0008951856477718012,3.6120708502061842,-0.006261240653242628
744,1000.0,0.0,0.00987859922923516,3.3174604816634803,4.974295421861819,9.999999999999746,17.349677826550703,0.573394495412844,0.5788017347359047,3.278839118040034,3.3152069389436187,0.33174604816635644,-0.01666538175258292,-0.000972419049943829,3.300329084526585,-0.007392314679126044
1033,1000.0,0.0,0.009881737854142704,2.991355536293449,4.970130260803696,9.999999999999748,20.20783520332916,0.49188391539596654,0.4973401242595213,2.952843217316132,2.989360497038085,0.29913555362935246,-0.01933975037375857,-0.0010018498550378174,2.974505077234596,-0.008461803405642732
1436,1000.0,0.0,0.00988488737893303,2.6645258909655265,4.96622339602586,9.99999999999974,24.194698276147566,0.41050903119868637,0.41572461248277853,2.62817052382014,2.662898449931114,0.26645258909655956,-0.021841274649262554,-0.0009777204687807517,2.648856684332981,-0.00941361544304764
1995,1000.0,0.0,0.009887866818520675,2.3557245978837322,4.962778538733218,9.999999999999684,29.72629430294843,0.333889816360601,0.3386244150832649,2.3231313985753648,2.3544976603330596,0.23557245978838065,-0.024041165410176202,-0.000905005008087767,2.341893564783051,-0.010201948922569537
2,1000.0,1.0,0.00984331329444637,4.992367169283922,4.99999999999281,9.980313373410585,9.999999999999478,0.998003992015968,0.9980506777301478,4.9920159680566965,4.992202710920591,0.5002214842857058,-8.796816834066856e-05,-4.119319600570659e-05,4.992202710913416,-4.11931978028246e-05
3,1000.0,1.0,0.009833764456696634,4.988561170389987,4.99999999999281,9.970498706629387,9.999999999999478,0.9970089730807578,0.9970787967933408,4.988035892315862,4.988315187173363,0.5003321616272907,-0.0001316961309317799,-6.167216851282742e-05,4.988315187166194,-6.167217031038952e-05
4,1000.0,1.0,0.009824233879669426,4.984762091832189,4.99999999999281,9.9607030644808,9.999999999999478,0.9960159362549801,0.9961087624506549,4.98406374501276,4.98443504980262,0.5004427960118113,-0.00017525433221232678,-8.207316322328406e-05,4.984435049795458,-8.207316502062412e-05
5,1000.0,1.0,0.009814721511731041,4.980969915705123,4.99999999999281,9.950926392440824,9.999999999999478,0.9950248756218906,0.995140569571861,4.9800995024804084,4.980562278287444,0.5005533876211661,-0.00021864350727218707,-0.00010239650796439737,4.980562278280289,-0.00010239650976151538
7,1000.0,1.0,0.009795751197544443,4.973406199411185,4.99999999999281,9.931429741616666,9.999999999999478,0.9930486593843099,0.9932096877774211,4.9721946375301,4.972838751109684,0.5007744432375756,-0.0003049177004014192,-0.000142811550851496,4.972838751102543,-0.00014281155264872503
10,1000.0,1.0,0.009767431014574456,4.962111948886636,4.99999999999281,9.902325689853733,9.999999999999478,0.9900990099009901,0.990327048868311,4.960396039596842,4.961308195473244,0.5011057103454988,-0.00043307945659554203,-0.00020285984438639382,4.961308195466124,-0.00020285984618328978
14,1000.0,1.0,0.009729921184011819,4.947148014070777,4.99999999999281,9.863781103423312,9.999999999999478,0.9861932938856016,0.986508862140894,4.944773175535316,4.946035448563576,0.5015468168037333,-0.0006016593568306527,-0.00028186566686505543,4.946035448556483,-0.0002818656686620624
20,1000.0,1.0,0.009674186552117495,4.9249035653215705,4.99999999999281,9.806516268957129,9.999999999999478,0.9803921568627451,0.9808352194074139,4.921568627443931,4.923340877629656,0.5022072497765109,-0.0008496865775519113,-0.00039814677377603136,4.9233408776226035,-0.0003981467755728163
28,1000.0,1.0,0.009600846812086866,4.895614605667385,4.99999999999281,9.731176289261047,9.999999999999478,0.9727626459143969,0.9733688491251337,4.8910505836505935,4.893475396500534,0.5030855941917317,-0.0011715794499156384,-0.0005491326487323533,4.893475396493536,-0.0005491326505286942
39,1000.0,1.0,0.009501779045792653,4.856018764695105,4.99999999999281,9.629430617213565,9.999999999999478,0.9624639076034649,0.9632822399866067,4.84985563040694,4.853128959946426,0.5042892937007603,-0.0015983154295289292,-0.0007494270451008367,4.8531289599395,-0.0007494270468970665
54,1000.0,1.0,0.009369896102147087,4.80325102979668,4.99999999999281,9.494025610483535,9.999999999999478,0.9487666034155597,0.9498528794083084,4.795066413655418,4.799411517633233,0.5059235383242292,-0.0021520052389757405,-0.0010095342467184576,4.799411517626405,-0.0010095342485137992
74,1000.0,1.0,0.009199577767116444,4.73501248737198,4.99999999999281,9.31923124523286,9.999999999999478,0.931098696461825,0.9325071337016776,4.724394785840605,4.73002853480671,0.5080904596925974,-0.002842748603190337,-0.0013343871224316128,4.730028534800006,-0.0013343871242265104
103,1000.0,1.0,0.008963211991120225,4.6401456317063765,4.99999999999281,9.076789164914095,9.999999999999478,0.9066183136899365,0.9084306368866619,4.626473254753227,4.633722547546648,0.5112100267397026,-0.003755997241995046,-0.001764512964476661,4.633722547540117,-0.0017645129662706704
144,1000.0,1.0,0.008648829088225056,4.513682215616244,4.99999999999281,8.75456861129507,9.999999999999478,0.8741258741258742,0.8764008783708694,4.496503496497212,4.505603513483478,0.5155801977258742,-0.0048890929984171105,-0.002299212517529736,4.505603513477176,-0.0022992125193231905
200,1000.0,1.0,0.008253107546529283,4.3540721017567225,4.99999999999281,8.34937849069362,9.999999999999478,0.8333333333333334,0.8360768161856265,4.333333333327342,4.344307264742506,0.521484575960936,-0.006183161184435515,-0.002911337835910688,4.344307264736495,-0.00291133783770281
277,1000.0,1.0,0.00776414787939118,4.156262929854081,4.99999999999281,7.84933103740812,9.999999999999478,0.7830853563038371,0.7862459860837704,4.132341425209718,4.144983944335081,0.5295053693169877,-0.00757905953211202,-0.0035735253271568235,4.144983944329429,-0.003573525328947613
385,1000.0,1.0,0.007167814383271961,3.914251915621281,4.99999999999281,7.2403914624397725,9.999999999999478,0.7220216606498195,0.7254741603785573,3.8880866425940868,3.901896641514229,0.5406132991464399,-0.008978384087847902,-0.00423960400980572,3.9018966415090133,-0.00423960401159551
535,1000.0,1.0,0.006476079586176705,3.632678024484194,4.99999999999281,6.53529742139494,9.999999999999478,0.6514657980456026,0.6549994094860679,3.6058631921777264,3.6199976379442718,0.5558550422803573,-0.010185382358604667,-0.0048165352625704205,3.6199976379395626,-0.004816535264359101
744,1000.0,1.0,0.005707586359627514,3.319096437615032,4.99999999999281,5.753555748436607,9.999999999999478,0.573394495412844,0.5767534491381345,3.2935779816472537,3.307013796552538,0.5768774272356564,-0.011003620010740622,-0.0052100640863902425,3.3070137965483912,-0.005210064088178368
1033,1000.0,1.0,0.004902171458718688,2.9899673610959825,4.99999999999281,4.936056883143074,9.999999999999478,0.49188391539596654,0.49483408014170377,2.96753566158033,2.979336320566815,0.6057400536259818,-0.011272395695624993,-0.005342319043520671,2.9793363205632573,-0.0053423190453084635
1436,1000.0,1.0,0.00409539037766248,2.6601972991899117,4.99999999999281,4.119019417676157,9.999999999999478,0.41050903119868637,0.41289639908194237,2.642036124791794,2.6515855963277692,0.6458326677883751,-0.010939166331001449,-0.005187156289402806,2.651585596324801,-0.005187156291190709
1995,1000.0,1.0,0.003333675425559961,2.3491486381115383,4.99999999999281,3.349317526007357,9.999999999999478,0.333889816360601,0.33567598710676416,2.3355592654400033,2.3427039484270566,0.7013812873430079,-0.010072554118689792,-0.004776856680152375,2.342703948424643,-0.004776856681941388
